time,open,high,low,close,volume,ticker
2024-02-27 09:00:00,35250,35450,35100,35400,4318600,SSI
2024-02-27 10:00:00,35450,36450,35300,36150,22325900,SSI
2024-02-27 09:00:00,63500,63800,62900,63200,156400,BCM
2024-02-27 10:00:00,63200,63400,62900,63100,240200,BCM
2024-02-27 09:00:00,43750,43750,43400,43650,848400,VHM
2024-02-27 10:00:00,43650,43750,43350,43450,1355300,VHM
2024-02-27 09:00:00,44800,45000,44550,44900,576000,VIC
2024-02-27 10:00:00,44900,44950,44500,44550,703400,VIC
2024-02-27 09:00:00,26700,26900,25550,26550,3422400,VRE
2024-02-27 10:00:00,26550,26700,26350,26500,2765400,VRE
2024-02-27 09:00:00,42100,42500,42100,42400,73500,BVH
2024-02-27 10:00:00,42400,42500,42350,42350,47800,BVH
2024-02-27 09:00:00,11600,11650,11550,11650,761100,POW
2024-02-27 10:00:00,11650,11700,11600,11650,1055800,POW
2024-02-27 09:00:00,76500,77400,76200,77200,167400,GAS
2024-02-27 10:00:00,77200,77300,76900,76900,244200,GAS
2024-02-27 09:00:00,27700,27700,27350,27500,1497200,ACB
2024-02-27 10:00:00,27500,27700,27500,27600,2477200,ACB
2024-02-27 09:00:00,53700,54000,53600,53800,116900,BID
2024-02-27 10:00:00,53800,54000,53600,53700,180400,BID
2024-02-27 09:00:00,35700,36200,35450,35800,1229100,CTG
2024-02-27 10:00:00,35850,36300,35700,35900,1516500,CTG
2024-02-27 09:00:00,22700,22750,22550,22750,1941900,HDB
2024-02-27 10:00:00,22750,23000,22750,22900,1292200,HDB
2024-02-27 09:00:00,24050,24050,23850,24000,2492500,MBB
2024-02-27 10:00:00,24000,24450,23950,24200,6459800,MBB
2024-02-27 09:00:00,22900,22900,22600,22800,460000,SSB
2024-02-27 10:00:00,22800,22900,22600,22800,273400,SSB
2024-02-27 09:00:00,11800,11800,11700,11750,4127500,SHB
2024-02-27 10:00:00,11800,11850,11750,11800,4447800,SHB
2024-02-27 09:00:00,30600,30600,30350,30500,2692100,STB
2024-02-27 10:00:00,30550,30750,30500,30700,3846500,STB
2024-02-27 09:00:00,41400,41700,41000,41300,1963000,TCB
2024-02-27 10:00:00,41300,41600,41050,41250,1898700,TCB
2024-02-27 09:00:00,19150,19300,19100,19150,1863000,TPB
2024-02-27 10:00:00,19150,19250,19100,19150,2374600,TPB
2024-02-27 09:00:00,89600,90000,89100,89400,152800,VCB
2024-02-27 10:00:00,89500,89600,89300,89600,135600,VCB
2024-02-27 09:00:00,22000,22000,21750,21850,934400,VIB
2024-02-27 10:00:00,21900,22000,21800,21900,923000,VIB
2024-02-27 09:00:00,19350,19350,19200,19350,2179600,VPB
2024-02-27 10:00:00,19350,19450,19300,19350,2911000,VPB
2024-02-27 09:00:00,28900,30000,28800,30000,30297800,HPG
2024-02-27 10:00:00,29950,30450,29950,30300,27159800,HPG
2024-02-27 09:00:00,28900,29400,28700,29250,889200,GVR
2024-02-27 10:00:00,29250,29250,28900,29000,503200,GVR
2024-02-27 09:00:00,66700,68200,66700,68100,892600,MSN
2024-02-27 10:00:00,68100,68100,67700,67800,579200,MSN
2024-02-27 09:00:00,71200,72400,71100,72100,1245300,VNM
2024-02-27 10:00:00,72200,72200,71700,71800,745600,VNM
2024-02-27 09:00:00,56600,56600,55900,56200,383500,SAB
2024-02-27 10:00:00,56200,56500,56000,56100,350200,SAB
2024-02-27 09:00:00,104800,104800,103700,103700,177600,VJC
2024-02-27 10:00:00,103700,104200,103600,103900,187700,VJC
2024-02-27 09:00:00,44700,45200,44550,44700,2290700,MWG
2024-02-27 10:00:00,44700,44800,44600,44650,1468500,MWG
2024-02-27 09:00:00,35300,36500,35300,35750,464900,PLX
2024-02-27 10:00:00,35750,35850,35500,35550,133000,PLX
2024-02-27 09:00:00,108500,109500,108200,109200,984100,FPT
2024-02-27 10:00:00,109100,109300,108500,108600,383900,FPT
2024-02-27 09:00:00,24800,24800,24700,24700,600,MFS
2024-02-27 09:00:00,13500,13500,13500,13500,100,ABC
2024-02-27 09:00:00,30100,32700,29600,32200,979500,VGI
2024-02-27 10:00:00,32200,32200,31800,31900,288700,VGI
2024-02-27 09:00:00,62500,62500,61200,61300,8800,FOX
2024-02-27 10:00:00,61300,61400,61200,61200,7300,FOX
2024-02-27 09:00:00,23400,23400,23400,23400,100,PIA
2024-02-27 09:00:00,8500,8700,8500,8700,28200,TTN
2024-02-27 10:00:00,8600,8700,8600,8700,7400,TTN
2024-02-27 09:00:00,8130,8130,8130,8130,1700,FUEIP100
2024-02-27 10:00:00,8070,8070,8070,8070,100,FUEIP100
2024-02-27 09:00:00,8140,8140,8119,8119,200,FUEKIV30
2024-02-27 10:00:00,8189,8189,8189,8189,100,FUEKIV30
2024-02-27 09:00:00,11200,11200,11200,11200,17100,FUEDCMID
2024-02-27 10:00:00,11280,11280,11260,11260,5700,FUEDCMID
2024-02-27 09:00:00,11500,11500,11500,11500,1000,FUEMAVND
2024-02-27 09:00:00,17770,17850,17770,17850,2000,FUESSV50
2024-02-27 10:00:00,17850,17850,17850,17850,5200,FUESSV50
2024-02-27 09:00:00,21300,21400,21300,21400,207600,E1VFVN30
2024-02-27 10:00:00,21420,21490,21390,21430,411500,E1VFVN30
2024-02-27 09:00:00,20590,20590,20340,20370,132800,FUESSVFL
2024-02-27 10:00:00,20400,20530,20400,20530,569200,FUESSVFL
2024-02-27 09:00:00,14300,14690,14300,14690,3100,FUEMAV30
2024-02-27 09:00:00,15200,15210,15150,15210,5700,FUESSV30
2024-02-27 10:00:00,15210,15260,15080,15240,17100,FUESSV30
2024-02-27 09:00:00,28490,28750,28490,28670,878400,FUEVFVND
2024-02-27 10:00:00,28690,28780,28650,28680,693000,FUEVFVND
2024-02-27 09:00:00,16440,16520,16430,16520,16600,FUEVN100
2024-02-27 10:00:00,16540,16550,16500,16500,7100,FUEVN100
2024-02-27 09:00:00,10900,11100,10600,11100,188500,ABW
2024-02-27 10:00:00,11000,11100,10900,11000,170000,ABW
2024-02-27 09:00:00,17350,17350,17150,17200,136700,AGR
2024-02-27 10:00:00,17200,17650,17200,17450,767600,AGR
2024-02-27 09:00:00,14300,14350,14200,14250,14600,APG
2024-02-27 10:00:00,14250,14300,14100,14250,33400,APG
2024-02-27 09:00:00,6200,6300,6200,6200,136200,APS
2024-02-27 10:00:00,6300,6300,6200,6200,63800,APS
2024-02-27 09:00:00,8500,8500,8420,8420,822400,BCG
2024-02-27 10:00:00,8420,8450,8400,8430,1025300,BCG
2024-02-27 09:00:00,10800,10900,10800,10800,37500,BMS
2024-02-27 10:00:00,10800,10900,10700,10800,44500,BMS
2024-02-27 09:00:00,54400,54700,54100,54400,136500,BSI
2024-02-27 10:00:00,54500,55600,54000,55000,328300,BSI
2024-02-27 09:00:00,26600,26600,26500,26500,6500,BVS
2024-02-27 10:00:00,26500,26600,26200,26600,176500,BVS
2024-02-27 09:00:00,31600,31800,31350,31650,467000,CTS
2024-02-27 10:00:00,31650,32299,31550,32000,913400,CTS
2024-02-27 09:00:00,20700,21000,20700,20800,5400,DSC
2024-02-27 10:00:00,20700,20700,20600,20700,11600,DSC
2024-02-27 09:00:00,19650,19850,18950,19250,2817900,EVF
2024-02-27 10:00:00,19250,19350,18550,18650,3776700,EVF
2024-02-27 09:00:00,4960,4960,4890,4900,639900,FIT
2024-02-27 10:00:00,4900,4930,4880,4900,610000,FIT
2024-02-27 09:00:00,52900,54100,52900,53600,446200,FTS
2024-02-27 10:00:00,53700,53900,53300,53500,238100,FTS
2024-02-27 09:00:00,8600,8700,8500,8600,675600,AAS
2024-02-27 10:00:00,8600,8600,8500,8600,298800,AAS
2024-02-27 09:00:00,8200,8300,8200,8300,25400,HBS
2024-02-27 10:00:00,8300,8500,8300,8500,70700,HBS
2024-02-27 09:00:00,28500,28850,28350,28500,2031800,HCM
2024-02-27 10:00:00,28500,28700,28350,28550,1928600,HCM
2024-02-27 09:00:00,12900,13000,12500,12700,141200,IVS
2024-02-27 10:00:00,12700,12900,12700,12800,107000,IVS
2024-02-27 09:00:00,8400,8400,8300,8300,49100,EVS
2024-02-27 10:00:00,8300,8400,8200,8300,131300,EVS
2024-02-27 09:00:00,7300,7300,7240,7250,94800,OGC
2024-02-27 10:00:00,7270,7290,7250,7260,78300,OGC
2024-02-27 09:00:00,16700,16700,16500,16600,414400,ORS
2024-02-27 10:00:00,16600,16750,16500,16700,1091800,ORS
2024-02-27 09:00:00,29800,30500,29800,30300,10100,CSI
2024-02-27 10:00:00,30300,30500,30100,30300,4900,CSI
2024-02-27 10:00:00,14800,15000,14700,15000,9300,PHS
2024-02-27 09:00:00,8600,8700,8600,8600,41000,PSI
2024-02-27 10:00:00,8600,8600,8600,8600,40500,PSI
2024-02-27 09:00:00,7300,7600,7300,7500,1753300,SBS
2024-02-27 10:00:00,7500,7500,7400,7400,385700,SBS
2024-02-27 09:00:00,17500,17900,17500,17800,1973300,SHS
2024-02-27 10:00:00,17800,18100,17700,17900,6483500,SHS
2024-02-27 09:00:00,13150,13150,12950,13000,16000,TCI
2024-02-27 10:00:00,13000,13200,13000,13200,126300,TCI
2024-02-27 09:00:00,28100,28200,27800,28100,1045300,MBS
2024-02-27 10:00:00,28100,28400,27800,28200,1569300,MBS
2024-02-27 09:00:00,7500,7580,7460,7580,98300,TVB
2024-02-27 10:00:00,7580,7690,7500,7560,299700,TVB
2024-02-27 09:00:00,8300,8400,8300,8400,86100,TVC
2024-02-27 10:00:00,8400,8700,8400,8600,615100,TVC
2024-02-27 09:00:00,21800,23000,21700,23000,112500,TVS
2024-02-27 10:00:00,23000,23200,23000,23200,151200,TVS
2024-02-27 09:00:00,45200,45350,45000,45150,777200,VCI
2024-02-27 10:00:00,45200,46000,45100,45650,2816000,VCI
2024-02-27 09:00:00,19400,19400,19200,19300,161900,VDS
2024-02-27 10:00:00,19300,19600,19200,19500,462700,VDS
2024-02-27 09:00:00,19300,19300,19100,19200,100500,VFS
2024-02-27 10:00:00,19200,19200,19000,19100,64500,VFS
2024-02-27 09:00:00,18700,19800,18700,19400,10100,VUA
2024-02-27 10:00:00,18700,19500,18700,19400,6600,VUA
2024-02-27 09:00:00,8200,8500,8200,8400,868300,VIG
2024-02-27 10:00:00,8400,8500,8300,8400,237600,VIG
2024-02-27 09:00:00,18100,18100,17900,18050,2530000,VIX
2024-02-27 10:00:00,18050,18450,17900,18250,7636600,VIX
2024-02-27 09:00:00,22800,22800,22650,22750,2432700,VND
2024-02-27 10:00:00,22750,23100,22700,22950,9412500,VND
2024-02-27 09:00:00,6200,6300,6200,6300,16300,WSS
2024-02-27 10:00:00,6300,6300,6300,6300,17500,WSS
2024-02-27 09:00:00,15600,15600,14500,14500,1700,BVL
2024-02-27 09:00:00,66200,66500,66200,66500,13500,SSH
2024-02-27 10:00:00,66600,66700,66500,66500,13600,SSH
2024-02-27 09:00:00,8000,8200,8000,8000,27300,BIG
2024-02-27 10:00:00,8000,8000,8000,8000,13400,BIG
2024-02-27 09:00:00,3900,3900,3800,3900,61100,AAV
2024-02-27 10:00:00,3900,3900,3800,3900,37800,AAV
2024-02-27 09:00:00,24100,24200,24000,24050,32100,AGG
2024-02-27 10:00:00,24050,24150,24000,24100,26900,AGG
2024-02-27 09:00:00,5300,5300,5200,5300,15600,API
2024-02-27 10:00:00,5200,5300,5200,5300,35600,API
2024-02-27 09:00:00,13700,13700,13700,13700,1000,C21
2024-02-27 09:00:00,9020,9500,9020,9420,485400,CCL
2024-02-27 10:00:00,9420,9470,9380,9450,233600,CCL
2024-02-27 09:00:00,8690,8920,8690,8760,147300,CRE
2024-02-27 10:00:00,8760,8760,8660,8670,134400,CRE
2024-02-27 09:00:00,21300,21600,21300,21300,1146500,CEO
2024-02-27 10:00:00,21300,21500,21300,21500,1586200,CEO
2024-02-27 09:00:00,20600,20600,20600,20600,5100,CKG
2024-02-27 10:00:00,20600,20600,20600,20600,600,CKG
2024-02-27 09:00:00,12500,12500,12500,12500,100,D11
2024-02-27 09:00:00,34700,35100,34700,35000,2700,D2D
2024-02-27 10:00:00,35000,35000,35000,35000,14000,D2D
2024-02-27 09:00:00,26600,26700,26450,26500,1811400,DIG
2024-02-27 10:00:00,26500,26700,26500,26650,2978800,DIG
2024-02-27 09:00:00,4800,4810,4740,4770,180000,DRH
2024-02-27 10:00:00,4770,4790,4750,4760,157500,DRH
2024-02-27 09:00:00,5150,5150,5150,5150,5200,DTA
2024-02-27 10:00:00,5100,5500,5090,5300,5900,DTA
2024-02-27 09:00:00,18000,18050,17850,17900,1115800,DXG
2024-02-27 10:00:00,17900,18050,17800,18050,2748000,DXG
2024-02-27 09:00:00,6960,6980,6940,6970,340400,DXS
2024-02-27 10:00:00,6970,6970,6940,6950,420200,DXS
2024-02-27 10:00:00,6400,6400,6400,6400,100,LEC
2024-02-27 09:00:00,3100,3100,3000,3100,522500,FID
2024-02-27 10:00:00,3100,3100,3100,3100,11100,FID
2024-02-27 09:00:00,10000,10000,9850,9890,149000,FIR
2024-02-27 10:00:00,9890,9910,9840,9850,190300,FIR
2024-02-27 09:00:00,18200,18200,17900,17900,1700,HD6
2024-02-27 10:00:00,18100,18200,18000,18200,3200,HD6
2024-02-27 09:00:00,4210,4230,4200,4200,28400,HAR
2024-02-27 10:00:00,4200,4230,4200,4210,61400,HAR
2024-02-27 09:00:00,30800,30800,30550,30600,181800,HDC
2024-02-27 10:00:00,30600,30700,30600,30700,298900,HDC
2024-02-27 09:00:00,26100,26150,26000,26150,295500,HDG
2024-02-27 10:00:00,26150,26250,26050,26050,322600,HDG
2024-02-27 09:00:00,13100,13100,12950,13050,827400,TCH
2024-02-27 10:00:00,13050,13100,13000,13050,674200,TCH
2024-02-27 09:00:00,26500,26500,26200,26200,5500,HLD
2024-02-27 10:00:00,26300,26400,26200,26200,6600,HLD
2024-02-27 09:00:00,4160,4190,4150,4160,1096000,HQC
2024-02-27 10:00:00,4170,4180,4150,4160,1497600,HQC
2024-02-27 09:00:00,14900,14900,14700,14800,104200,HTN
2024-02-27 10:00:00,14800,14900,14800,14800,120200,HTN
2024-02-27 09:00:00,27500,27500,27500,27500,3000,HD2
2024-02-27 10:00:00,28000,28000,28000,28000,100,HD2
2024-02-27 09:00:00,57400,57800,57300,57300,281500,IDC
2024-02-27 10:00:00,57400,57600,57200,57500,237700,IDC
2024-02-27 09:00:00,6100,6100,6000,6100,381600,IDJ
2024-02-27 10:00:00,6200,6200,6000,6000,304600,IDJ
2024-02-27 09:00:00,44500,44800,44500,44700,8700,IDV
2024-02-27 10:00:00,44700,44800,44500,44500,10600,IDV
2024-02-27 09:00:00,13500,13650,13500,13650,454300,IJC
2024-02-27 10:00:00,13650,13850,13600,13850,617700,IJC
2024-02-27 09:00:00,6370,6400,6050,6140,7023500,ITA
2024-02-27 10:00:00,6140,6210,6120,6210,2562600,ITA
2024-02-27 09:00:00,11000,11000,10950,10950,21100,ITC
2024-02-27 10:00:00,11000,11000,10900,10950,77500,ITC
2024-02-27 09:00:00,30650,30850,30650,30750,468300,KBC
2024-02-27 10:00:00,30750,30850,30700,30800,1086500,KBC
2024-02-27 09:00:00,31950,31950,31700,31750,273400,KDH
2024-02-27 10:00:00,31750,32500,31750,32350,944400,KDH
2024-02-27 09:00:00,6100,6110,6060,6090,826400,KHG
2024-02-27 10:00:00,6080,6100,6050,6080,1317000,KHG
2024-02-27 09:00:00,40200,40200,39950,40000,136900,KOS
2024-02-27 10:00:00,40000,40050,39950,39950,114300,KOS
2024-02-27 10:00:00,8000,8000,7900,8000,25300,LSG
2024-02-27 09:00:00,2930,2930,2900,2910,185900,LDG
2024-02-27 10:00:00,2920,2930,2900,2900,548100,LDG
2024-02-27 09:00:00,3980,3980,3930,3940,4900,LGL
2024-02-27 10:00:00,3950,3960,3940,3940,3500,LGL
2024-02-27 09:00:00,34750,34750,34200,34500,41300,LHG
2024-02-27 10:00:00,34550,34700,34400,34550,45400,LHG
2024-02-27 09:00:00,2900,2900,2800,2800,31700,LMH
2024-02-27 10:00:00,2800,2900,2800,2900,6200,LMH
2024-02-27 09:00:00,20800,20850,20650,20800,15900,NBB
2024-02-27 10:00:00,20800,21100,20650,20800,61900,NBB
2024-02-27 09:00:00,11300,11400,11300,11300,53000,NDN
2024-02-27 10:00:00,11300,11400,11300,11400,168800,NDN
2024-02-27 09:00:00,4900,5200,4900,5000,184800,NRC
2024-02-27 10:00:00,5000,5100,5000,5000,195000,NRC
2024-02-27 09:00:00,37500,37900,37500,37900,308000,NLG
2024-02-27 10:00:00,37900,38100,37800,37850,414400,NLG
2024-02-27 09:00:00,16950,16950,16750,16850,1989200,NVL
2024-02-27 10:00:00,16850,17100,16850,17000,4536300,NVL
2024-02-27 09:00:00,206900,209000,206900,209000,4300,NTC
2024-02-27 09:00:00,32200,32500,32000,32250,378700,NTL
2024-02-27 10:00:00,32250,32800,32250,32650,635100,NTL
2024-02-27 09:00:00,28350,28450,28250,28350,1414600,PDR
2024-02-27 10:00:00,28300,28750,28300,28600,3780700,PDR
2024-02-27 09:00:00,40500,40600,40500,40600,6600,KSF
2024-02-27 10:00:00,40700,40700,40700,40700,8700,KSF
2024-02-27 09:00:00,4230,4230,4100,4120,2600,PTL
2024-02-27 10:00:00,4120,4120,4050,4080,32800,PTL
2024-02-27 09:00:00,3100,3300,3100,3200,128400,PV2
2024-02-27 10:00:00,3200,3200,3200,3200,13500,PV2
2024-02-27 09:00:00,3600,3600,3600,3600,2000,PWA
2024-02-27 09:00:00,13200,13800,13200,13600,227000,PXL
2024-02-27 10:00:00,13600,13600,13400,13600,237200,PXL
2024-02-27 09:00:00,8920,9000,8900,8960,97000,QCG
2024-02-27 10:00:00,8960,8960,8880,8890,235500,QCG
2024-02-27 10:00:00,11500,11500,11500,11500,500,RCL
2024-02-27 09:00:00,7220,7220,7180,7200,222500,SCR
2024-02-27 10:00:00,7200,7200,7170,7180,454700,SCR
2024-02-27 09:00:00,20400,20400,20400,20400,400,SGR
2024-02-27 10:00:00,20250,20250,20200,20200,300,SGR
2024-02-27 09:00:00,82300,82700,82200,82400,45100,SIP
2024-02-27 10:00:00,82500,82500,82000,82000,86300,SIP
2024-02-27 09:00:00,42100,42200,41800,42100,251400,SZC
2024-02-27 10:00:00,42100,42200,41950,42150,331300,SZC
2024-02-27 09:00:00,71400,71900,71000,71400,34000,SJS
2024-02-27 10:00:00,71100,71500,70100,70600,45900,SJS
2024-02-27 09:00:00,9100,9170,9100,9170,29200,TDC
2024-02-27 10:00:00,9170,9170,9140,9140,11000,TDC
2024-02-27 09:00:00,4180,4200,4100,4110,89100,TDH
2024-02-27 10:00:00,4120,4170,4100,4150,30400,TDH
2024-02-27 09:00:00,9290,9290,9290,9290,100,TEG
2024-02-27 09:00:00,35100,35100,35000,35000,1700,THD
2024-02-27 10:00:00,35000,35000,35000,35000,100,THD
2024-02-27 09:00:00,12200,12300,12100,12200,269400,TIG
2024-02-27 10:00:00,12200,12400,12200,12200,415600,TIG
2024-02-27 10:00:00,23600,23600,23600,23600,2900,TID
2024-02-27 09:00:00,27400,27550,27100,27250,148400,TIP
2024-02-27 10:00:00,27400,27400,27200,27300,122800,TIP
2024-02-27 09:00:00,5350,5350,5300,5340,30600,TLD
2024-02-27 10:00:00,5340,5360,5310,5360,57300,TLD
2024-02-27 09:00:00,13950,13950,13950,13950,100,TN1
2024-02-27 10:00:00,14000,14000,14000,14000,100,TN1
2024-02-27 09:00:00,7200,7200,7200,7200,900,V21
2024-02-27 10:00:00,7000,7200,6700,7200,10100,V21
2024-02-27 09:00:00,28600,28800,28300,28700,82100,VC3
2024-02-27 10:00:00,28700,28900,28600,28800,88000,VC3
2024-02-27 10:00:00,22600,22600,22400,22400,1500,VCR
2024-02-27 09:00:00,11400,11400,11400,11400,1100,VHD
2024-02-27 09:00:00,8080,8080,8000,8000,53900,VPH
2024-02-27 10:00:00,8000,8050,8000,8000,33800,VPH
2024-02-27 09:00:00,58100,58200,57900,58000,311800,VPI
2024-02-27 10:00:00,58000,58100,57900,58000,84900,VPI
2024-02-27 09:00:00,7710,7710,7600,7600,2700,VRC
2024-02-27 10:00:00,7610,7610,7600,7600,3100,VRC
2024-02-27 09:00:00,36600,36800,36400,36500,30600,VRG
2024-02-27 10:00:00,36600,36600,36600,36600,500,VRG
2024-02-27 09:00:00,25900,25900,25700,25700,2500,ABI
2024-02-27 09:00:00,28100,28350,27800,27800,19800,BIC
2024-02-27 10:00:00,28000,28150,27900,27900,14300,BIC
2024-02-27 10:00:00,10700,10700,10700,10700,100,BLI
2024-02-27 09:00:00,22600,23000,22600,23000,53000,BMI
2024-02-27 10:00:00,23000,23000,22850,22900,29300,BMI
2024-02-27 09:00:00,21000,21000,21000,21000,300,BHI
2024-02-27 10:00:00,21000,21000,21000,21000,100,BHI
2024-02-27 09:00:00,17950,17950,17650,17700,24900,MIG
2024-02-27 10:00:00,17700,17850,17650,17850,91700,MIG
2024-02-27 09:00:00,34900,34900,34900,34900,2000,PTI
2024-02-27 10:00:00,34900,34900,34900,34900,100,PTI
2024-02-27 09:00:00,46400,46800,46400,46800,2900,PVI
2024-02-27 10:00:00,46800,46900,46400,46900,4000,PVI
2024-02-27 10:00:00,13800,13800,13800,13800,200,AIC
2024-02-27 09:00:00,23600,23900,23600,23900,300,VNR
2024-02-27 10:00:00,23500,23900,23500,23900,700,VNR
2024-02-27 09:00:00,57900,57900,57900,57900,800,AVC
2024-02-27 10:00:00,57800,57800,57800,57800,100,AVC
2024-02-27 09:00:00,19200,19200,19200,19200,100,BSA
2024-02-27 10:00:00,19100,19100,19100,19100,200,BSA
2024-02-27 09:00:00,17700,18250,17700,17950,118900,BTP
2024-02-27 10:00:00,17950,18000,17700,17800,43500,BTP
2024-02-27 09:00:00,28400,28400,28100,28250,1300,CHP
2024-02-27 10:00:00,28300,28500,28300,28500,6300,CHP
2024-02-27 09:00:00,39200,39300,39200,39300,2400,TDB
2024-02-27 10:00:00,39300,39300,39300,39300,200,TDB
2024-02-27 10:00:00,52400,52400,52400,52400,100,DNH
2024-02-27 09:00:00,66500,66500,66500,66500,600,DRL
2024-02-27 10:00:00,67000,67000,67000,67000,1500,DRL
2024-02-27 09:00:00,22400,22400,22400,22400,200,PGV
2024-02-27 10:00:00,22500,22800,22500,22750,4700,PGV
2024-02-27 09:00:00,13150,13250,13150,13200,33800,GEG
2024-02-27 10:00:00,13250,13250,13100,13150,108900,GEG
2024-02-27 10:00:00,4200,4200,4200,4200,700,HTE
2024-02-27 09:00:00,32299,33000,32299,33000,2400,HJS
2024-02-27 10:00:00,33000,33500,33000,33500,1200,HJS
2024-02-27 09:00:00,22500,22500,22500,22500,400,HNA
2024-02-27 09:00:00,9610,9620,9600,9600,12400,KHP
2024-02-27 10:00:00,9610,9640,9610,9640,7800,KHP
2024-02-27 10:00:00,12500,12500,12500,12500,300,NBP
2024-02-27 09:00:00,13800,13800,13800,13800,2000,HND
2024-02-27 10:00:00,13700,13700,13700,13700,1100,HND
2024-02-27 09:00:00,25650,25700,25600,25700,93000,NT2
2024-02-27 10:00:00,25750,25900,25650,25650,184000,NT2
2024-02-27 09:00:00,13850,13850,13750,13800,26900,PPC
2024-02-27 10:00:00,13800,13800,13750,13800,35200,PPC
2024-02-27 09:00:00,15000,15000,14900,15000,25800,QTP
2024-02-27 10:00:00,14900,15000,14900,15000,17200,QTP
2024-02-27 09:00:00,29200,29500,29200,29500,1300,SBA
2024-02-27 10:00:00,53100,53100,53100,53100,100,SBH
2024-02-27 09:00:00,32900,32900,32900,32900,1900,SHP
2024-02-27 09:00:00,15250,15300,15250,15300,5700,SJD
2024-02-27 10:00:00,15300,15300,15250,15250,21400,SJD
2024-02-27 09:00:00,24000,24000,23900,23900,300,ISH
2024-02-27 10:00:00,39500,39500,39500,39500,200,TBC
2024-02-27 09:00:00,73500,73500,73500,73500,200,TMP
2024-02-27 09:00:00,8390,8450,8320,8320,47900,TTA
2024-02-27 10:00:00,8330,8370,8310,8320,24000,TTA
2024-02-27 10:00:00,11000,11000,11000,11000,1000,DTK
2024-02-27 09:00:00,25300,25550,24900,25200,7500,VPD
2024-02-27 09:00:00,50000,50000,49050,49050,1500,VSH
2024-02-27 10:00:00,49050,49050,49050,49050,300,VSH
2024-02-27 09:00:00,10500,10700,10400,10400,20900,PPT
2024-02-27 10:00:00,10400,10400,10400,10400,8500,PPT
2024-02-27 09:00:00,4830,4980,4830,4980,12900,ASP
2024-02-27 10:00:00,4980,5000,4980,4990,19500,ASP
2024-02-27 09:00:00,42800,43100,42800,43050,3000,BWE
2024-02-27 10:00:00,43050,43100,42900,43100,5400,BWE
2024-02-27 09:00:00,9200,9200,9200,9200,100,BMF
2024-02-27 11:00:00,9200,9200,9200,9200,100,BMF
2024-02-27 10:00:00,31000,31000,31000,31000,400,BWS
2024-02-27 09:00:00,24350,24350,24350,24350,100,CCI
2024-02-27 10:00:00,24350,24350,24350,24350,300,CCI
2024-02-27 09:00:00,29200,29200,28800,28900,4700,CNG
2024-02-27 10:00:00,28900,28950,28750,28800,21800,CNG
2024-02-27 09:00:00,24200,24200,24200,24200,100,GDW
2024-02-27 10:00:00,12500,12500,12500,12500,100,HDW
2024-02-27 09:00:00,14500,14500,14500,14500,1300,HWS
2024-02-27 10:00:00,14800,14800,14800,14800,800,HWS
2024-02-27 09:00:00,5300,5400,5200,5300,107500,DDG
2024-02-27 10:00:00,5300,5400,5200,5200,51400,DDG
2024-02-27 09:00:00,8800,8800,8800,8800,100,MTG
2024-02-27 09:00:00,6500,6500,6500,6500,100,NS2
2024-02-27 09:00:00,7770,7770,7700,7740,238300,PSH
2024-02-27 10:00:00,7750,7760,7730,7730,212900,PSH
2024-02-27 09:00:00,15000,15000,15000,15000,100,NTW
2024-02-27 09:00:00,16500,16500,16500,16500,100,TOW
2024-02-27 10:00:00,14450,14550,14450,14550,4700,PGC
2024-02-27 09:00:00,36000,36000,36000,36000,300,PGD
2024-02-27 10:00:00,36500,36500,36500,36500,1000,PGD
2024-02-27 09:00:00,8800,8800,8700,8700,3000,POV
2024-02-27 09:00:00,9300,9300,9000,9000,18700,PVG
2024-02-27 10:00:00,9000,9000,9000,9000,6000,PVG
2024-02-27 09:00:00,14000,14000,14000,14000,2000,NQN
2024-02-27 09:00:00,10300,10300,10300,10300,200,CHS
2024-02-27 09:00:00,4050,4200,4040,4050,48500,TDG
2024-02-27 10:00:00,4050,4100,4050,4100,2600,TDG
2024-02-27 09:00:00,43850,43850,43000,43000,200,TDM
2024-02-27 09:00:00,7600,7600,7600,7600,2600,TLP
2024-02-27 09:00:00,9900,9900,9900,9900,100,TNW
2024-02-27 09:00:00,42500,42500,42500,42500,1000,VAV
2024-02-27 10:00:00,42500,42500,42500,42500,400,VAV
2024-02-27 09:00:00,3100,3100,3100,3100,7000,VMG
2024-02-27 09:00:00,30000,30000,30000,30000,300,VCW
2024-02-27 09:00:00,8400,8400,8300,8300,160900,ABB
2024-02-27 10:00:00,8300,8400,8300,8400,141000,ABB
2024-02-27 09:00:00,18200,18250,18150,18200,1145100,EIB
2024-02-27 10:00:00,18200,18250,18050,18100,3765500,EIB
2024-02-27 09:00:00,11000,11100,10900,11000,48500,BVB
2024-02-27 10:00:00,11000,11000,10900,11000,56900,BVB
2024-02-27 10:00:00,12100,12100,12100,12100,1400,KLB
2024-02-27 09:00:00,17350,17500,17250,17450,450000,LPB
2024-02-27 10:00:00,17500,17500,17350,17350,543600,LPB
2024-02-27 09:00:00,15600,15600,15500,15600,1318300,MSB
2024-02-27 10:00:00,15600,15650,15450,15500,2674400,MSB
2024-02-27 09:00:00,16400,16600,16400,16500,188200,NAB
2024-02-27 10:00:00,16500,16500,16400,16500,33900,NAB
2024-02-27 09:00:00,12600,12700,12500,12700,1600,BAB
2024-02-27 09:00:00,11100,11200,11100,11200,6400,NVB
2024-02-27 10:00:00,11200,11200,11100,11100,13900,NVB
2024-02-27 09:00:00,15200,15250,15100,15200,305200,OCB
2024-02-27 10:00:00,15200,15300,15100,15250,690300,OCB
2024-02-27 09:00:00,21500,21500,21200,21200,11200,PGB
2024-02-27 10:00:00,21100,21400,21000,21300,21400,PGB
2024-02-27 09:00:00,13600,13600,13500,13500,2100,SGB
2024-02-27 09:00:00,8400,8500,8300,8300,207300,VAB
2024-02-27 10:00:00,8300,8400,8300,8300,41300,VAB
2024-02-27 09:00:00,10400,10400,10400,10400,1500,VBB
2024-02-27 10:00:00,10400,10400,10400,10400,600,VBB
2024-02-27 09:00:00,38350,38350,38350,38350,900,ACG
2024-02-27 10:00:00,38800,38800,38700,38700,400,ACG
2024-02-27 09:00:00,84700,84800,84700,84800,3800,CAP
2024-02-27 10:00:00,84900,85400,84900,85400,2700,CAP
2024-02-27 09:00:00,42400,42600,42200,42450,88700,DHC
2024-02-27 10:00:00,42450,42500,42050,42050,98700,DHC
2024-02-27 09:00:00,2300,2330,2300,2310,151800,DLG
2024-02-27 10:00:00,2300,2300,2290,2300,306800,DLG
2024-02-27 10:00:00,13400,13400,13400,13400,100,GTA
2024-02-27 09:00:00,4870,4890,4850,4850,3600,HAP
2024-02-27 10:00:00,4850,4870,4850,4850,14700,HAP
2024-02-27 09:00:00,10300,10450,10300,10350,81900,HHP
2024-02-27 10:00:00,10350,10500,10350,10450,75500,HHP
2024-02-27 09:00:00,9800,9800,9700,9700,200,MDF
2024-02-27 10:00:00,8500,8500,8200,8200,2800,MDF
2024-02-27 09:00:00,56900,57500,56800,57000,110600,PTB
2024-02-27 10:00:00,57000,57200,56900,57200,104300,PTB
2024-02-27 09:00:00,14900,14900,14900,14900,100,SAV
2024-02-27 09:00:00,11000,11050,11000,11050,1200,SVT
2024-02-27 10:00:00,7300,7300,7300,7300,100,TMW
2024-02-27 09:00:00,4620,4620,4540,4540,493500,TTF
2024-02-27 10:00:00,4540,4560,4510,4520,680200,TTF
2024-02-27 09:00:00,5370,5410,5370,5410,1500,VID
2024-02-27 10:00:00,5480,5480,5420,5420,500,VID
2024-02-27 09:00:00,8200,8500,8200,8400,260400,HSV
2024-02-27 10:00:00,8400,8400,8200,8300,70500,HSV
2024-02-27 09:00:00,21700,24100,21700,22500,66500,BCA
2024-02-27 10:00:00,22500,22600,22200,22600,24200,BCA
2024-02-27 09:00:00,2300,2300,2200,2200,5100,BVG
2024-02-27 10:00:00,2300,2300,2300,2300,400,BVG
2024-02-27 09:00:00,14500,14500,14500,14500,300,DTL
2024-02-27 09:00:00,12200,12400,12200,12400,7500,HMC
2024-02-27 09:00:00,22550,23250,22500,23200,6754800,HSG
2024-02-27 10:00:00,23200,23300,23050,23150,4835000,HSG
2024-02-27 09:00:00,3200,3300,3100,3200,96500,ITQ
2024-02-27 10:00:00,3200,3300,3200,3200,109000,ITQ
2024-02-27 10:00:00,6000,6000,6000,6000,400,KKC
2024-02-27 09:00:00,2200,2200,2100,2200,153700,KVC
2024-02-27 10:00:00,2200,2300,2200,2300,35200,KVC
2024-02-27 09:00:00,23850,24500,23800,24450,4633400,NKG
2024-02-27 10:00:00,24450,24550,24300,24350,3681500,NKG
2024-02-27 09:00:00,4600,4600,4500,4500,45800,PAS
2024-02-27 10:00:00,4500,4600,4500,4600,30200,PAS
2024-02-27 09:00:00,5380,5480,5340,5480,771700,POM
2024-02-27 10:00:00,5490,5600,5490,5530,1027200,POM
2024-02-27 09:00:00,4680,4690,4680,4690,3400,SHA
2024-02-27 10:00:00,4690,4690,4610,4610,3300,SHA
2024-02-27 09:00:00,4900,5000,4900,5000,200,NSH
2024-02-27 10:00:00,4900,4900,4900,4900,5800,NSH
2024-02-27 09:00:00,15150,15200,15150,15200,278100,SHI
2024-02-27 10:00:00,15150,15300,15150,15200,280100,SHI
2024-02-27 09:00:00,10500,10750,10400,10750,128400,SMC
2024-02-27 10:00:00,10750,10850,10650,10700,235400,SMC
2024-02-27 09:00:00,10600,10600,10600,10600,100,TDS
2024-02-27 09:00:00,4300,4500,4300,4500,18400,TIS
2024-02-27 10:00:00,4500,4500,4400,4400,2700,TIS
2024-02-27 09:00:00,8000,8100,7900,7900,27100,TKG
2024-02-27 10:00:00,8000,8000,7800,7900,60800,TKG
2024-02-27 10:00:00,12500,12500,12500,12500,300,TKU
2024-02-27 09:00:00,7950,8150,7800,8119,303900,TLH
2024-02-27 10:00:00,8140,8250,8130,8180,932800,TLH
2024-02-27 09:00:00,6400,6470,6300,6450,22300,TNA
2024-02-27 10:00:00,6450,6450,6260,6260,43400,TNA
2024-02-27 09:00:00,2780,2790,2780,2790,24700,TNI
2024-02-27 10:00:00,2780,2780,2740,2780,90500,TNI
2024-02-27 09:00:00,9140,9140,9140,9140,400,VCA
2024-02-27 10:00:00,9140,9140,9140,9140,100,VCA
2024-02-27 09:00:00,22400,23800,22400,23700,937200,VGS
2024-02-27 10:00:00,23700,24600,23600,24200,1277900,VGS
2024-02-27 09:00:00,50200,50200,50200,50200,1000,TMG
2024-02-27 10:00:00,50200,50200,50200,50200,900,TMG
2024-02-27 09:00:00,6400,6400,6300,6400,106200,TVN
2024-02-27 10:00:00,6400,6500,6400,6500,274300,TVN
2024-02-27 09:00:00,21100,21300,21100,21300,5500,CST
2024-02-27 10:00:00,21300,21300,21100,21100,6200,CST
2024-02-27 09:00:00,6900,6900,6900,6900,2200,BKC
2024-02-27 09:00:00,19200,19500,19050,19500,5400,BMC
2024-02-27 09:00:00,7800,7800,7800,7800,500,KCB
2024-02-27 10:00:00,7500,7500,7500,7500,3300,KCB
2024-02-27 09:00:00,10150,10150,9910,10100,157000,DHM
2024-02-27 10:00:00,10100,10150,10100,10150,36600,DHM
2024-02-27 10:00:00,49800,49800,49800,49800,200,HGM
2024-02-27 09:00:00,12500,12500,12500,12500,3100,HLC
2024-02-27 09:00:00,25850,26400,25800,26250,641200,KSB
2024-02-27 10:00:00,26200,26250,26000,26000,273100,KSB
2024-02-27 09:00:00,7500,7500,7500,7500,1000,KHD
2024-02-27 10:00:00,7500,7600,7500,7600,3700,KHD
2024-02-27 09:00:00,4000,4200,3900,3900,51200,KSQ
2024-02-27 10:00:00,4000,4000,3900,4000,28800,KSQ
2024-02-27 09:00:00,31000,33800,30800,33500,15100,KSV
2024-02-27 10:00:00,33400,33400,32000,33000,1200,KSV
2024-02-27 09:00:00,2600,2800,2600,2800,93400,LCM
2024-02-27 10:00:00,2700,2900,2700,2900,250600,LCM
2024-02-27 10:00:00,14900,14900,14900,14900,100,MIC
2024-02-27 09:00:00,3500,3500,3500,3500,600,MTA
2024-02-27 09:00:00,14600,14600,14100,14400,16400,MSR
2024-02-27 10:00:00,14400,14400,14400,14400,15900,MSR
2024-02-27 09:00:00,12800,12900,12800,12800,14500,NBC
2024-02-27 10:00:00,12800,12900,12800,12900,6200,NBC
2024-02-27 09:00:00,7700,7700,7700,7700,100,SHN
2024-02-27 09:00:00,3400,3400,3300,3300,2600,SPI
2024-02-27 10:00:00,3200,3200,3200,3200,1400,SPI
2024-02-27 09:00:00,9200,9400,9200,9300,78800,TC6
2024-02-27 10:00:00,9300,9300,9300,9300,21900,TC6
2024-02-27 09:00:00,11600,11600,11600,11600,3900,TDN
2024-02-27 10:00:00,11600,11700,11600,11600,5500,TDN
2024-02-27 09:00:00,12800,12800,12800,12800,100,THT
2024-02-27 10:00:00,12800,12800,12800,12800,5000,THT
2024-02-27 09:00:00,5660,5810,5430,5730,410700,TNT
2024-02-27 10:00:00,5730,5730,5670,5670,99100,TNT
2024-02-27 09:00:00,14100,14100,14100,14100,600,TVD
2024-02-27 10:00:00,14100,14100,14000,14000,25600,TVD
2024-02-27 10:00:00,67000,67100,67000,67100,200,CLM
2024-02-27 09:00:00,4900,4900,4200,4700,1700,MGC
2024-02-27 10:00:00,4700,4700,4700,4700,2800,MGC
2024-02-27 09:00:00,59600,59600,59500,59500,4300,TMB
2024-02-27 10:00:00,59900,60000,59200,60000,4200,TMB
2024-02-27 11:00:00,59900,59900,59900,59900,1300,TMB
2024-02-27 09:00:00,16950,17150,16850,17150,240100,VPG
2024-02-27 10:00:00,17150,17300,17000,17050,349500,VPG
2024-02-27 10:00:00,9050,9190,8460,9190,1100,YBM
2024-02-27 09:00:00,8100,8100,8000,8100,66200,VTZ
2024-02-27 10:00:00,8100,8100,8100,8100,69600,VTZ
2024-02-27 09:00:00,9500,9500,9500,9500,1100,PCH
2024-02-27 10:00:00,9500,9500,9500,9500,4900,PCH
2024-02-27 09:00:00,11300,11300,11200,11300,762200,AAA
2024-02-27 10:00:00,11300,11300,11200,11200,1154700,AAA
2024-02-27 09:00:00,27000,27200,27000,27100,46000,LTG
2024-02-27 10:00:00,27100,27200,27100,27100,56000,LTG
2024-02-27 09:00:00,6240,6240,6200,6200,13900,HII
2024-02-27 10:00:00,6170,6240,6150,6240,47000,HII
2024-02-27 09:00:00,18000,18000,18000,18000,200,BRR
2024-02-27 09:00:00,26200,26800,26000,26700,71900,BFC
2024-02-27 10:00:00,26600,26650,26300,26500,37700,BFC
2024-02-27 09:00:00,13700,13700,13500,13500,300,BRC
2024-02-27 09:00:00,57600,57700,56800,57100,126800,CSV
2024-02-27 10:00:00,57100,57300,56900,56900,151600,CSV
2024-02-27 09:00:00,3210,3220,3200,3220,13000,DAG
2024-02-27 10:00:00,3220,3250,3220,3240,13800,DAG
2024-02-27 09:00:00,6900,6900,6900,6900,100,DRG
2024-02-27 09:00:00,8500,8600,8400,8500,173800,DRI
2024-02-27 10:00:00,8500,8800,8500,8800,204300,DRI
2024-02-27 09:00:00,33700,34000,33700,33900,174400,DCM
2024-02-27 10:00:00,33900,33900,33650,33700,404700,DCM
2024-02-27 09:00:00,11300,11600,11300,11300,413200,DDV
2024-02-27 10:00:00,11400,11400,11100,11200,317000,DDV
2024-02-27 09:00:00,109500,111000,108700,110200,1345800,DGC
2024-02-27 10:00:00,110200,110400,109100,109300,597600,DGC
2024-02-27 09:00:00,34350,34600,34250,34550,320500,DPM
2024-02-27 10:00:00,34500,34600,34300,34300,449600,DPM
2024-02-27 09:00:00,34600,34600,34100,34600,120000,DPR
2024-02-27 10:00:00,34600,34600,34250,34300,121100,DPR
2024-02-27 10:00:00,21000,21000,21000,21000,3800,DTT
2024-02-27 09:00:00,10250,10250,10100,10150,198200,HCD
2024-02-27 10:00:00,10200,10200,9990,10050,289500,HCD
2024-02-27 09:00:00,62000,62000,62000,62000,1700,HVT
2024-02-27 09:00:00,18700,19200,18700,19000,153100,LAS
2024-02-27 10:00:00,19000,19100,19000,19000,243700,LAS
2024-02-27 10:00:00,29900,29900,29900,29900,400,VET
2024-02-27 09:00:00,19100,19100,18850,18950,162900,NHH
2024-02-27 10:00:00,18950,18950,18550,18600,315000,NHH
2024-02-27 09:00:00,9900,9900,9900,9900,500,PMB
2024-02-27 10:00:00,10000,10000,10000,10000,600,PMB
2024-02-27 09:00:00,5100,5180,5100,5180,31500,PLP
2024-02-27 10:00:00,5180,5180,5120,5180,39800,PLP
2024-02-27 09:00:00,56700,56800,56000,56500,106000,PHR
2024-02-27 10:00:00,56400,56400,55900,56100,97300,PHR
2024-02-27 09:00:00,31800,32299,31800,32299,24100,PLC
2024-02-27 10:00:00,32200,32200,31800,31900,28800,PLC
2024-02-27 10:00:00,18900,18900,18900,18900,800,PCE
2024-02-27 09:00:00,7800,7800,7800,7800,1000,PSW
2024-02-27 10:00:00,7900,7900,7900,7900,900,PSW
2024-02-27 11:00:00,7900,7900,7900,7900,1000,PSW
2024-02-27 09:00:00,2180,2190,2170,2180,68600,QBS
2024-02-27 10:00:00,2180,2190,2170,2180,119200,QBS
2024-02-27 09:00:00,8100,8100,8000,8090,61100,RDP
2024-02-27 10:00:00,8050,8050,8000,8050,92000,RDP
2024-02-27 09:00:00,11450,11450,11450,11450,1400,SFG
2024-02-27 09:00:00,19900,19900,19800,19800,300,RTB
2024-02-27 09:00:00,5560,5560,5560,5560,1000,TPC
2024-02-27 09:00:00,3690,3720,3670,3720,143900,TSC
2024-02-27 10:00:00,3720,3720,3690,3690,113700,TSC
2024-02-27 09:00:00,13200,13200,13050,13050,900,VAF
2024-02-27 10:00:00,13050,13050,13000,13000,1000,VAF
2024-02-27 11:00:00,13000,13000,13000,13000,500,VAF
2024-02-27 09:00:00,96500,98000,96200,98000,9600,PAT
2024-02-27 10:00:00,98100,98200,97100,97100,9700,PAT
2024-02-27 09:00:00,61700,62000,61700,62000,2900,VFG
2024-02-27 10:00:00,61600,61600,60800,60800,15900,VFG
2024-02-27 09:00:00,5300,5300,5300,5300,600,PVO
2024-02-27 10:00:00,11800,11800,11700,11700,3600,VNP
2024-02-27 09:00:00,5100,5100,5100,5100,1100,VNY
2024-02-27 09:00:00,12700,13000,12700,13000,16700,CSM
2024-02-27 10:00:00,13000,13100,12850,13100,41300,CSM
2024-02-27 09:00:00,29950,30050,29900,29900,2500,CTF
2024-02-27 10:00:00,29900,29950,29900,29950,5800,CTF
2024-02-27 09:00:00,32500,33500,32400,33050,886000,DRC
2024-02-27 10:00:00,33050,33050,32750,32800,229300,DRC
2024-02-27 09:00:00,14600,14650,14600,14600,12500,HAX
2024-02-27 10:00:00,14600,14600,14450,14450,92300,HAX
2024-02-27 09:00:00,8520,8650,8520,8650,336000,HHS
2024-02-27 10:00:00,8650,8650,8540,8560,268200,HHS
2024-02-27 09:00:00,15300,15300,15300,15300,300,HTL
2024-02-27 10:00:00,15200,15200,14800,15100,1700,HTL
2024-02-27 11:00:00,15100,15100,15100,15100,200,HTL
2024-02-27 09:00:00,31550,31550,31550,31550,3200,SRC
2024-02-27 10:00:00,28650,28650,28650,28650,500,SVC
2024-02-27 09:00:00,15300,15300,15300,15300,200,TMT
2024-02-27 09:00:00,17500,17500,17200,17200,800,GCF
2024-02-27 10:00:00,15500,15500,15500,15500,300,GCF
2024-02-27 09:00:00,9800,9800,9800,9800,6900,AAM
2024-02-27 10:00:00,9700,9700,9700,9700,100,AAM
2024-02-27 09:00:00,35600,36000,35600,36000,1400,ABT
2024-02-27 09:00:00,13500,13550,13400,13450,15000,ACL
2024-02-27 10:00:00,13400,13400,13100,13150,10400,ACL
2024-02-27 09:00:00,9900,9900,9900,9900,5500,ANT
2024-02-27 10:00:00,9900,9900,9900,9900,4600,ANT
2024-02-27 09:00:00,34000,34000,33600,33700,1107100,ANV
2024-02-27 10:00:00,33700,33750,33450,33600,682400,ANV
2024-02-27 10:00:00,60500,61100,60500,61100,22900,APF
2024-02-27 09:00:00,11650,11750,11450,11500,2039300,ASM
2024-02-27 10:00:00,11500,11500,11350,11400,862300,ASM
2024-02-27 09:00:00,24800,24950,24700,24900,763900,BAF
2024-02-27 10:00:00,24850,25050,24850,25050,506000,BAF
2024-02-27 09:00:00,11700,12000,11700,12000,33400,BNA
2024-02-27 09:00:00,3800,3800,3800,3800,400,BLF
2024-02-27 09:00:00,64400,64400,64400,64400,100,CAN
2024-02-27 10:00:00,14000,14000,14000,14000,400,CCA
2024-02-27 09:00:00,31600,31600,31600,31600,100,CBS
2024-02-27 10:00:00,31600,31600,31600,31600,1300,CBS
2024-02-27 09:00:00,14500,14500,14400,14500,10100,CLX
2024-02-27 10:00:00,14500,14500,14400,14500,14800,CLX
2024-02-27 09:00:00,16700,17400,16700,17400,1800,CAT
2024-02-27 10:00:00,17400,17500,17400,17500,3100,CAT
2024-02-27 09:00:00,9190,9190,9060,9120,112700,CMX
2024-02-27 10:00:00,9120,9120,8920,9020,193100,CMX
2024-02-27 09:00:00,29450,29500,29050,29300,1735200,DBC
2024-02-27 10:00:00,29300,29350,29000,29050,1824600,DBC
2024-02-27 09:00:00,48700,49000,48200,48200,21700,FMC
2024-02-27 10:00:00,48500,48500,48000,48100,27100,FMC
2024-02-27 09:00:00,12700,12950,12650,12800,2251300,HAG
2024-02-27 10:00:00,12800,12800,12550,12550,1928400,HAG
2024-02-27 09:00:00,6240,6270,6170,6190,80300,HSL
2024-02-27 10:00:00,6200,6210,6180,6190,77900,HSL
2024-02-27 09:00:00,22300,22300,22300,22300,3000,HAF
2024-02-27 09:00:00,4250,4260,4160,4200,593600,HNG
2024-02-27 10:00:00,4200,4250,4180,4250,667200,HNG
2024-02-27 09:00:00,9400,9400,9300,9400,24700,HNM
2024-02-27 10:00:00,9300,9500,9300,9400,41400,HNM
2024-02-27 09:00:00,21000,21000,21000,21000,400,HNF
2024-02-27 09:00:00,7600,7600,7600,7600,1600,HVA
2024-02-27 10:00:00,7500,7500,6700,7000,43500,HVA
2024-02-27 09:00:00,2500,2600,2500,2600,40100,ICF
2024-02-27 10:00:00,2500,2500,2500,2500,16100,ICF
2024-02-27 11:00:00,2500,2500,2500,2500,800,ICF
2024-02-27 09:00:00,12800,12900,12550,12700,1060300,IDI
2024-02-27 10:00:00,12650,12700,12500,12500,534200,IDI
2024-02-27 09:00:00,5100,5100,5100,5100,31800,ILA
2024-02-27 10:00:00,5100,5100,5000,5100,7200,ILA
2024-02-27 11:00:00,5100,5100,5100,5100,1000,ILA
2024-02-27 09:00:00,63400,63400,63000,63000,221500,KDC
2024-02-27 10:00:00,63000,63000,62600,62900,217900,KDC
2024-02-27 09:00:00,45000,45000,45000,45000,100,KTS
2024-02-27 09:00:00,15100,15200,15100,15200,2600,LAF
2024-02-27 10:00:00,15200,15450,15200,15450,1100,LAF
2024-02-27 09:00:00,11950,12100,11800,12100,264400,LSS
2024-02-27 10:00:00,12150,12300,12000,12200,520700,LSS
2024-02-27 09:00:00,8900,8900,8900,8900,2000,MCF
2024-02-27 10:00:00,8900,8900,8900,8900,10500,MCF
2024-02-27 11:00:00,8900,8900,8900,8900,1800,MCF
2024-02-27 09:00:00,42800,42800,42100,42500,6400,MCM
2024-02-27 10:00:00,42200,42500,42200,42500,4100,MCM
2024-02-27 09:00:00,29700,29700,29000,29000,200,MML
2024-02-27 09:00:00,17900,17900,17700,17800,17100,MPC
2024-02-27 10:00:00,17800,17900,17800,17800,11000,MPC
2024-02-27 09:00:00,114600,115700,114600,115000,7200,MCH
2024-02-27 10:00:00,115100,115100,115100,115100,100,MCH
2024-02-27 10:00:00,23900,24100,23900,24100,4100,NCS
2024-02-27 11:00:00,24300,24300,24300,24300,900,NCS
2024-02-27 10:00:00,73600,73600,73600,73600,200,NSC
2024-02-27 10:00:00,6800,6900,6800,6900,3100,OCH
2024-02-27 09:00:00,24150,24150,23750,23900,260300,PAN
2024-02-27 10:00:00,23850,23900,23750,23900,315500,PAN
2024-02-27 09:00:00,9750,9750,9650,9650,2600,DAT
2024-02-27 10:00:00,9750,9750,9750,9750,100,DAT
2024-02-27 09:00:00,48000,48300,48000,48300,115100,QNS
2024-02-27 10:00:00,48300,48300,48100,48100,167600,QNS
2024-02-27 09:00:00,51000,51000,51000,51000,100,SAF
2024-02-27 09:00:00,13400,13500,13300,13500,716600,SBT
2024-02-27 10:00:00,13500,13500,13400,13450,431700,SBT
2024-02-27 10:00:00,29000,29000,29000,29000,1100,SEA
2024-02-27 11:00:00,29000,29000,29000,29000,100,SEA
2024-02-27 09:00:00,149400,149400,149300,149400,12600,SLS
2024-02-27 10:00:00,149400,150000,149400,150000,1500,SLS
2024-02-27 09:00:00,32600,32600,32600,32600,200,SSC
2024-02-27 09:00:00,10500,10500,10500,10500,100,TFC
2024-02-27 09:00:00,70300,71200,70200,70900,389200,VHC
2024-02-27 10:00:00,70900,71100,70300,70600,258100,VHC
2024-02-27 09:00:00,16000,16100,16000,16100,56400,VLC
2024-02-27 10:00:00,16100,16200,16000,16100,20800,VLC
2024-02-27 09:00:00,34500,34500,34500,34500,500,VSF
2024-02-27 09:00:00,2500,2600,2500,2500,31200,VNH
2024-02-27 10:00:00,2500,2500,2500,2500,8900,VNH
2024-02-27 09:00:00,20000,20600,20000,20600,7100,VOC
2024-02-27 10:00:00,10000,10000,10000,10000,1000,BSP
2024-02-27 09:00:00,3800,3900,3800,3900,1300,CTP
2024-02-27 10:00:00,3900,3900,3800,3900,5500,CTP
2024-02-27 09:00:00,9000,9000,9000,9000,100,EPC
2024-02-27 09:00:00,16000,16000,16000,16000,100,HAD
2024-02-27 09:00:00,3200,3200,3200,3200,400,HAV
2024-02-27 10:00:00,4200,4500,4200,4500,900,HKT
2024-02-27 11:00:00,4500,4500,4500,4500,100,HKT
2024-02-27 09:00:00,31000,32000,31000,32000,13500,IFS
2024-02-27 09:00:00,15300,15300,15200,15200,3500,NAF
2024-02-27 10:00:00,15200,15250,15200,15250,18700,NAF
2024-02-27 10:00:00,4800,4900,4800,4900,2200,PCF
2024-02-27 10:00:00,3600,3600,3600,3600,2000,BQB
2024-02-27 09:00:00,42200,43700,42200,43700,400,QHW
2024-02-27 10:00:00,34000,34000,34000,34000,400,QHW
2024-02-27 10:00:00,18900,18900,18900,18900,700,BSQ
2024-02-27 09:00:00,48000,48000,48000,48000,2200,SKV
2024-02-27 09:00:00,36400,36800,36000,36800,2900,SMB
2024-02-27 10:00:00,36500,36700,36500,36700,300,SMB
2024-02-27 09:00:00,190000,190000,190000,190000,100,VCF
2024-02-27 09:00:00,52000,52000,52000,52000,300,WSB
2024-02-27 10:00:00,51800,51800,50000,51500,400,WSB
2024-02-27 10:00:00,7800,7800,7800,7800,800,NST
2024-02-27 11:00:00,7700,7700,7700,7700,100,NST
2024-02-27 09:00:00,17000,17000,17000,17000,1000,GLT
2024-02-27 10:00:00,11550,11550,11550,11550,400,NHT
2024-02-27 09:00:00,15900,15900,15850,15900,1600,DQC
2024-02-27 10:00:00,15900,15900,15800,15900,12000,DQC
2024-02-27 09:00:00,24750,25000,24600,25000,11600,GDT
2024-02-27 10:00:00,25100,25550,25050,25150,20600,GDT
2024-02-27 09:00:00,3800,3800,3800,3800,100,KSD
2024-02-27 09:00:00,126200,129900,126200,129000,15100,RAL
2024-02-27 10:00:00,128300,128300,127100,128000,4500,RAL
2024-02-27 09:00:00,8600,8600,8400,8600,15500,SHE
2024-02-27 09:00:00,45600,46050,45600,45950,24100,TLG
2024-02-27 10:00:00,46050,46250,45900,45900,21300,TLG
2024-02-27 09:00:00,5450,5450,5370,5380,44100,AAT
2024-02-27 10:00:00,5400,5400,5360,5360,26500,AAT
2024-02-27 11:00:00,7900,7900,7900,7900,100,AG1
2024-02-27 09:00:00,30100,30200,30100,30200,1700,BDG
2024-02-27 10:00:00,30200,30200,30200,30200,2000,BDG
2024-02-27 11:00:00,30300,30300,30300,30300,700,BDG
2024-02-27 09:00:00,4400,4400,4350,4350,6400,BKG
2024-02-27 10:00:00,4360,4390,4350,4390,13500,BKG
2024-02-27 09:00:00,17000,17000,17000,17000,400,BMG
2024-02-27 09:00:00,15200,15200,15200,15200,300,BVN
2024-02-27 10:00:00,15200,15200,15200,15200,300,BVN
2024-02-27 09:00:00,27750,28250,27700,28200,10200,STK
2024-02-27 10:00:00,28250,28250,28100,28200,2800,STK
2024-02-27 09:00:00,13100,13300,13100,13250,91200,ADS
2024-02-27 10:00:00,13200,13250,13150,13150,72800,ADS
2024-02-27 09:00:00,38500,38500,30800,30800,1100,MGG
2024-02-27 10:00:00,30800,30800,30800,30800,200,MGG
2024-02-27 09:00:00,14050,14200,14050,14100,9200,EVE
2024-02-27 10:00:00,14100,14100,14100,14100,16800,EVE
2024-02-27 09:00:00,32200,32200,31800,31950,166200,GIL
2024-02-27 10:00:00,32000,32549,31750,31750,336800,GIL
2024-02-27 09:00:00,27500,27600,27500,27600,3000,HDM
2024-02-27 10:00:00,27500,27600,27500,27600,5500,HDM
2024-02-27 09:00:00,32800,32800,32700,32700,1400,HTG
2024-02-27 10:00:00,32700,32700,32700,32700,2000,HTG
2024-02-27 09:00:00,37900,37900,37900,37900,100,HUG
2024-02-27 10:00:00,37300,37300,37300,37300,100,HUG
2024-02-27 11:00:00,37300,37300,37300,37300,100,HUG
2024-02-27 09:00:00,3620,3620,3590,3600,8400,KMR
2024-02-27 10:00:00,3600,3630,3600,3630,8200,KMR
2024-02-27 09:00:00,63800,63900,63600,63700,3700,LIX
2024-02-27 10:00:00,63600,63600,63400,63400,4600,LIX
2024-02-27 09:00:00,83000,83100,83000,83100,1700,NET
2024-02-27 10:00:00,81000,83100,81000,83100,800,NET
2024-02-27 09:00:00,6800,6800,6800,6800,100,NTT
2024-02-27 09:00:00,89000,89300,88500,88900,404000,PNJ
2024-02-27 10:00:00,88900,89700,88800,89400,363400,PNJ
2024-02-27 09:00:00,26000,26000,25900,25900,4800,PPH
2024-02-27 10:00:00,26000,26000,26000,26000,300,PPH
2024-02-27 09:00:00,40700,41500,40700,41200,23800,MSH
2024-02-27 10:00:00,41200,41200,41000,41100,26600,MSH
2024-02-27 09:00:00,2580,2580,2500,2540,500,SVD
2024-02-27 10:00:00,2430,2430,2430,2430,3200,SVD
2024-02-27 09:00:00,43150,43550,42900,43300,487700,TCM
2024-02-27 10:00:00,43300,43300,42650,42800,303000,TCM
2024-02-27 09:00:00,9300,9300,9300,9300,500,GTD
2024-02-27 09:00:00,7200,7200,7200,7200,1800,TDT
2024-02-27 09:00:00,6000,6000,5600,5600,500,CET
2024-02-27 10:00:00,9200,9200,9200,9200,200,TLI
2024-02-27 09:00:00,21400,22000,21300,21900,1213500,TNG
2024-02-27 10:00:00,21900,21900,21600,21600,582400,TNG
2024-02-27 09:00:00,6400,6400,6400,6400,1000,NDT
2024-02-27 10:00:00,6600,6600,6600,6600,100,NDT
2024-02-27 09:00:00,16500,16500,16500,16500,100,TVT
2024-02-27 10:00:00,16500,16500,16500,16500,3800,TVT
2024-02-27 09:00:00,12400,12400,12200,12300,137900,VGT
2024-02-27 10:00:00,12300,12300,12200,12200,107800,VGT
2024-02-27 09:00:00,35900,35900,35900,35900,2000,VGG
2024-02-27 10:00:00,35600,35800,35600,35700,17100,VGG
2024-02-27 09:00:00,10900,10900,10900,10900,1000,X20
2024-02-27 09:00:00,44400,44600,44300,44600,3400,ODE
2024-02-27 10:00:00,44600,44700,44500,44600,8800,ODE
2024-02-27 09:00:00,13700,13700,13700,13700,100,ALT
2024-02-27 11:00:00,13700,13700,13700,13700,200,ALT
2024-02-27 09:00:00,19900,19900,19000,19000,200,ADG
2024-02-27 10:00:00,19500,19500,19500,19500,400,ADG
2024-02-27 11:00:00,13800,13800,13800,13800,600,DAE
2024-02-27 09:00:00,4400,4400,4400,4400,5900,DST
2024-02-27 10:00:00,4400,4400,4300,4400,3300,DST
2024-02-27 09:00:00,21700,21700,21700,21700,11200,EID
2024-02-27 10:00:00,21700,21800,21700,21800,33600,EID
2024-02-27 11:00:00,21700,21700,21700,21700,20000,EID
2024-02-27 09:00:00,30000,30000,30000,30000,100,FHS
2024-02-27 10:00:00,29500,29500,29500,29500,100,FHS
2024-02-27 09:00:00,80000,80000,79900,79900,500,FOC
2024-02-27 10:00:00,79500,79500,79500,79500,1000,FOC
2024-02-27 11:00:00,79900,79900,79900,79900,200,FOC
2024-02-27 09:00:00,14200,14300,13700,13700,172500,HTP
2024-02-27 10:00:00,13700,13900,13700,13900,54900,HTP
2024-02-27 10:00:00,12900,12900,12900,12900,100,NBE
2024-02-27 09:00:00,9800,9800,9800,9800,800,VNB
2024-02-27 10:00:00,9800,10000,9800,10000,7200,VNB
2024-02-27 11:00:00,9900,9900,9900,9900,6100,VNB
2024-02-27 09:00:00,19000,19000,19000,19000,1000,SED
2024-02-27 09:00:00,20700,20700,20700,20700,5400,STC
2024-02-27 10:00:00,20700,20700,20600,20600,5300,STC
2024-02-27 09:00:00,14400,14400,13600,13600,45100,STH
2024-02-27 10:00:00,13600,13900,13500,13500,40300,STH
2024-02-27 09:00:00,151000,155000,151000,155000,800,VEF
2024-02-27 10:00:00,151500,154400,151500,154400,2000,VEF
2024-02-27 09:00:00,590000,590000,590000,590000,500,VNZ
2024-02-27 10:00:00,590000,590000,590000,590000,600,VNZ
2024-02-27 11:00:00,590000,590000,590000,590000,400,VNZ
2024-02-27 09:00:00,10450,10450,10350,10450,203100,YEG
2024-02-27 10:00:00,10400,10450,10350,10450,169700,YEG
2024-02-27 09:00:00,4280,4310,4270,4310,22900,DAH
2024-02-27 10:00:00,4310,4310,4280,4300,26100,DAH
2024-02-27 09:00:00,54900,54900,54900,54900,500,DSN
2024-02-27 10:00:00,54900,54900,54900,54900,2000,DSN
2024-02-27 11:00:00,55000,55000,54900,54900,700,DSN
2024-02-27 09:00:00,3300,3400,3300,3400,32900,DTI
2024-02-27 09:00:00,2100,2100,2000,2000,44300,HHG
2024-02-27 10:00:00,2000,2100,2000,2000,48500,HHG
2024-02-27 09:00:00,6800,6800,6800,6800,100,HRT
2024-02-27 10:00:00,6900,6900,6900,6900,100,HRT
2024-02-27 09:00:00,4100,4100,4100,4100,100,PGT
2024-02-27 09:00:00,3600,3600,3600,3600,15300,EIN
2024-02-27 10:00:00,3700,3700,3600,3600,1200,EIN
2024-02-27 11:00:00,3700,3700,3700,3700,1000,EIN
2024-02-27 09:00:00,75400,76000,75400,76000,2300,SCS
2024-02-27 10:00:00,75500,76000,74800,74900,5800,SCS
2024-02-27 10:00:00,5900,5900,5900,5900,4500,SRT
2024-02-27 11:00:00,5900,5900,5900,5900,1000,SRT
2024-02-27 09:00:00,14650,14750,14650,14700,63200,SKG
2024-02-27 10:00:00,14700,14700,14650,14700,44200,SKG
2024-02-27 09:00:00,25550,25550,25100,25200,1400,TCT
2024-02-27 10:00:00,25200,25500,25100,25250,4300,TCT
2024-02-27 09:00:00,35000,35000,35000,35000,600,TTT
2024-02-27 10:00:00,35000,35000,35000,35000,3000,TTT
2024-02-27 11:00:00,35000,35000,35000,35000,300,TTT
2024-02-27 09:00:00,7800,8100,7800,7900,3700,VTD
2024-02-27 10:00:00,8100,8100,7800,7900,30600,VTD
2024-02-27 09:00:00,22200,22200,22200,22200,5100,VTR
2024-02-27 10:00:00,22200,22200,22100,22200,3200,VTR
2024-02-27 09:00:00,9000,9000,9000,9000,3100,VNG
2024-02-27 09:00:00,12950,13000,12950,13000,3200,VNS
2024-02-27 09:00:00,9100,9100,9000,9000,14600,AFX
2024-02-27 10:00:00,9000,9000,8900,8900,41200,AFX
2024-02-27 09:00:00,26900,27900,26900,27300,69700,DHT
2024-02-27 10:00:00,27300,27400,27200,27300,25300,DHT
2024-02-27 09:00:00,6040,6050,6000,6000,76100,ABS
2024-02-27 10:00:00,6000,6030,5980,6000,117600,ABS
2024-02-27 09:00:00,5400,5500,5400,5400,62700,CEN
2024-02-27 10:00:00,5400,5500,5400,5400,40100,CEN
2024-02-27 10:00:00,8800,8800,8800,8800,300,CMV
2024-02-27 10:00:00,36700,36700,36700,36700,200,COM
2024-02-27 09:00:00,55300,55500,55000,55400,388400,DGW
2024-02-27 10:00:00,55400,55900,55400,55600,503400,DGW
2024-02-27 09:00:00,135000,138900,134500,135100,84100,FRT
2024-02-27 10:00:00,135100,135800,131000,131800,190400,FRT
2024-02-27 09:00:00,7300,7500,7300,7500,19600,KGM
2024-02-27 10:00:00,7500,7600,7500,7500,8600,KGM
2024-02-27 11:00:00,7500,7600,7500,7600,8200,KGM
2024-02-27 09:00:00,24150,24700,24150,24500,32300,PET
2024-02-27 10:00:00,24500,24500,24350,24400,38900,PET
2024-02-27 09:00:00,5920,5920,5920,5920,200,PIT
2024-02-27 09:00:00,13600,13700,13600,13600,10300,PSD
2024-02-27 10:00:00,13600,13700,13500,13500,10800,PSD
2024-02-27 10:00:00,26500,26500,26500,26500,1500,SAS
2024-02-27 09:00:00,10700,10700,10700,10700,2600,SBV
2024-02-27 09:00:00,57700,57900,57500,57900,2500,AST
2024-02-27 10:00:00,57900,58000,57800,57900,2800,AST
2024-02-27 09:00:00,5600,5700,5500,5700,209300,TTH
2024-02-27 10:00:00,5700,5700,5200,5400,533100,TTH
2024-02-27 09:00:00,3400,3400,3400,3400,700,TV6
2024-02-27 09:00:00,43000,43000,43000,43000,400,TOS
2024-02-27 10:00:00,42900,42900,42500,42500,1500,TOS
2024-02-27 10:00:00,4300,4300,4300,4300,1300,PTV
2024-02-27 09:00:00,13800,13800,13800,13800,1000,POS
2024-02-27 09:00:00,20800,21000,20800,20900,6600,PVB
2024-02-27 10:00:00,20900,21000,20800,20900,8100,PVB
2024-02-27 09:00:00,14300,14500,14300,14300,71300,PVC
2024-02-27 10:00:00,14300,14400,14300,14400,159100,PVC
2024-02-27 09:00:00,28300,28300,28000,28100,1012300,PVD
2024-02-27 10:00:00,28100,28450,28100,28200,1407300,PVD
2024-02-27 09:00:00,36400,36400,36100,36200,527500,PVS
2024-02-27 10:00:00,36200,36300,36000,36100,1094000,PVS
2024-02-27 09:00:00,19100,19400,19100,19200,1147700,BSR
2024-02-27 10:00:00,19200,19500,19200,19500,2219800,BSR
2024-02-27 09:00:00,10000,10000,9900,9900,102600,OIL
2024-02-27 10:00:00,10000,10000,9900,10000,100800,OIL
2024-02-27 09:00:00,4000,4100,3900,4000,690700,AMV
2024-02-27 10:00:00,4000,4000,3900,4000,460600,AMV
2024-02-27 09:00:00,20400,20550,20150,20550,454200,TNH
2024-02-27 10:00:00,20550,20850,20550,20800,830700,TNH
2024-02-27 09:00:00,3300,3400,3300,3300,17200,CVN
2024-02-27 10:00:00,3400,3400,3400,3400,16100,CVN
2024-02-27 09:00:00,3660,3700,3660,3700,18700,JVC
2024-02-27 10:00:00,3710,3720,3680,3680,156700,JVC
2024-02-27 09:00:00,28900,28900,28900,28900,1000,AGP
2024-02-27 10:00:00,28900,28900,28900,28900,400,AGP
2024-02-27 09:00:00,8000,8300,7980,7980,6600,APC
2024-02-27 10:00:00,7980,7980,7980,7980,300,APC
2024-02-27 11:00:00,7980,7980,7980,7980,200,APC
2024-02-27 09:00:00,54000,54000,54000,54000,500,DBD
2024-02-27 10:00:00,53900,53900,53900,53900,1200,DBD
2024-02-27 11:00:00,53900,53900,53900,53900,100,DBD
2024-02-27 09:00:00,20000,20000,20000,20000,100,BIO
2024-02-27 10:00:00,29500,29500,29500,29500,600,CNC
2024-02-27 09:00:00,11500,11500,11500,11500,500,CDP
2024-02-27 09:00:00,34900,36300,34900,36300,400,DP1
2024-02-27 09:00:00,12100,12100,12100,12100,1900,DBT
2024-02-27 10:00:00,12250,12450,12250,12300,600,DBT
2024-02-27 09:00:00,7800,7800,7800,7800,600,DDN
2024-02-27 10:00:00,7800,7800,7800,7800,600,DDN
2024-02-27 09:00:00,108800,108800,108600,108600,1900,DHG
2024-02-27 09:00:00,73000,73000,72400,72400,500,DP3
2024-02-27 10:00:00,72400,72400,72300,72400,1300,DP3
2024-02-27 09:00:00,16500,16700,16500,16700,7200,HDP
2024-02-27 09:00:00,27000,27000,27000,27000,1000,DHD
2024-02-27 09:00:00,65300,65600,65000,65600,11300,IMP
2024-02-27 10:00:00,65600,66100,65600,66100,8300,IMP
2024-02-27 09:00:00,13000,13600,12300,13300,80100,LDP
2024-02-27 10:00:00,13200,13300,13200,13200,4000,LDP
2024-02-27 09:00:00,28000,28000,28000,28000,1900,MKP
2024-02-27 10:00:00,28000,28000,28000,28000,4000,MKP
2024-02-27 10:00:00,10000,10000,10000,10000,600,MTP
2024-02-27 09:00:00,23200,23200,23200,23200,100,OPC
2024-02-27 10:00:00,23200,23200,23200,23200,1000,OPC
2024-02-27 09:00:00,7300,7300,7300,7300,12100,PBC
2024-02-27 10:00:00,7200,7300,7200,7300,36000,PBC
2024-02-27 09:00:00,80900,80900,80900,80900,200,PMC
2024-02-27 10:00:00,11300,11300,11300,11300,1100,SPM
2024-02-27 09:00:00,30000,30000,28500,29000,400,DTG
2024-02-27 10:00:00,29200,29600,29200,29400,800,DTG
2024-02-27 11:00:00,29400,29400,29400,29400,1900,DTG
2024-02-27 09:00:00,81800,81800,81800,81800,200,TRA
2024-02-27 11:00:00,80500,80500,80500,80500,600,TRA
2024-02-27 09:00:00,42500,42500,42500,42500,200,VDP
2024-02-27 09:00:00,11400,11500,11400,11400,52600,DVM
2024-02-27 10:00:00,11400,11500,11400,11500,78900,DVM
2024-02-27 09:00:00,3200,3200,3000,3100,72500,VHE
2024-02-27 10:00:00,3000,3100,3000,3100,142300,VHE
2024-02-27 10:00:00,17500,17500,17500,17500,400,VMD
2024-02-27 09:00:00,18700,18900,18700,18700,3700,DVN
2024-02-27 10:00:00,18800,18800,18700,18700,800,DVN
2024-02-27 11:00:00,18700,18700,18700,18700,100,DVN
2024-02-27 09:00:00,21900,22600,21700,22600,1120500,ELC
2024-02-27 10:00:00,22600,22600,22350,22350,431800,ELC
2024-02-27 10:00:00,9690,9690,9690,9690,1100,ITD
2024-02-27 09:00:00,6000,6000,6000,6000,400,ONE
2024-02-27 09:00:00,6520,6650,6520,6600,49100,SAM
2024-02-27 10:00:00,6600,6620,6550,6550,72300,SAM
2024-02-27 09:00:00,12300,12700,12250,12250,920800,ST8
2024-02-27 10:00:00,12250,12350,12250,12350,2433600,ST8
2024-02-27 09:00:00,4400,4400,4400,4400,100,VIE
2024-02-27 09:00:00,8700,8700,8700,8700,100,VTC
2024-02-27 09:00:00,40000,40000,39700,39950,5800,CMG
2024-02-27 10:00:00,39950,40100,39700,39850,37400,CMG
2024-02-27 11:00:00,39850,39900,39850,39900,2000,CMG
2024-02-27 10:00:00,23800,23800,23800,23800,100,CMT
2024-02-27 09:00:00,11750,11750,11750,11750,4300,ICT
2024-02-27 10:00:00,11700,11800,11700,11800,3000,ICT
2024-02-27 11:00:00,11750,11750,11750,11750,400,ICT
2024-02-27 09:00:00,11900,11900,11900,11900,1400,SGT
2024-02-27 10:00:00,11950,12100,11900,12100,6700,SGT
2024-02-27 09:00:00,3600,3600,3600,3600,95000,SRA
2024-02-27 10:00:00,3600,3700,3600,3600,53000,SRA
2024-02-27 09:00:00,2300,2300,2100,2100,200,SRB
2024-02-27 10:00:00,18500,18500,18500,18500,100,VLA
2024-02-27 11:00:00,9750,9750,9750,9750,100,GMH
2024-02-27 09:00:00,12100,12100,12100,12100,400,ACC
2024-02-27 10:00:00,12100,12100,12050,12050,2400,ACC
2024-02-27 09:00:00,35700,36700,35700,36700,3900,ACE
2024-02-27 09:00:00,23000,23000,23000,23000,400,ADP
2024-02-27 10:00:00,23000,23000,23000,23000,1400,ADP
2024-02-27 09:00:00,3900,3900,3800,3800,700,ALV
2024-02-27 10:00:00,3900,3900,3900,3900,3000,ALV
2024-02-27 09:00:00,35400,35900,35400,35900,2700,VLB
2024-02-27 10:00:00,35900,35900,35700,35700,3100,VLB
2024-02-27 11:00:00,35700,35700,35700,35700,200,VLB
2024-02-27 09:00:00,9800,9900,9800,9800,16700,BCC
2024-02-27 10:00:00,9800,9900,9800,9800,148300,BCC
2024-02-27 09:00:00,6010,6010,6000,6000,1800,BCE
2024-02-27 10:00:00,6000,6050,6000,6050,1300,BCE
2024-02-27 09:00:00,13000,13300,13000,13100,13800,MVC
2024-02-27 10:00:00,13100,13500,13100,13400,62800,MVC
2024-02-27 09:00:00,119000,119000,117000,118500,49800,BMP
2024-02-27 10:00:00,118500,118500,116700,116800,69300,BMP
2024-02-27 09:00:00,3100,3100,2900,3000,235000,BOT
2024-02-27 10:00:00,3000,3100,3000,3100,111800,BOT
2024-02-27 09:00:00,2900,2900,2800,2800,3800,BTN
2024-02-27 10:00:00,2800,2800,2800,2800,2200,BTN
2024-02-27 09:00:00,5500,5600,5500,5600,1100,BTS
2024-02-27 10:00:00,5500,5600,5500,5600,7500,BTS
2024-02-27 09:00:00,7700,7800,7600,7700,31800,C69
2024-02-27 10:00:00,7600,7600,7500,7600,17700,C69
2024-02-27 09:00:00,18400,18400,18000,18000,3400,C32
2024-02-27 10:00:00,18000,18900,17600,18500,40800,C32
2024-02-27 09:00:00,6940,6940,6750,6780,43000,C47
2024-02-27 10:00:00,6780,6820,6780,6780,59400,C47
2024-02-27 09:00:00,3100,3100,3000,3000,700,C92
2024-02-27 10:00:00,3000,3000,3000,3000,100,C92
2024-02-27 09:00:00,9500,9500,9500,9500,100,HFB
2024-02-27 10:00:00,9300,9300,9300,9300,100,HFB
2024-02-27 09:00:00,20200,20200,19900,20050,96300,CDC
2024-02-27 10:00:00,20050,20150,20000,20100,61900,CDC
2024-02-27 09:00:00,11700,11700,11500,11600,206300,C4G
2024-02-27 10:00:00,11600,11700,11500,11700,329500,C4G
2024-02-27 09:00:00,6180,6180,6130,6160,44100,CIG
2024-02-27 10:00:00,6160,6160,6130,6130,14600,CIG
2024-02-27 09:00:00,18550,18700,18500,18700,1851100,CII
2024-02-27 10:00:00,18700,18800,18500,18600,2069900,CII
2024-02-27 09:00:00,18100,18100,18100,18100,400,CMD
2024-02-27 10:00:00,18200,18400,18200,18400,2000,CMD
2024-02-27 09:00:00,16000,16200,16000,16000,24300,CMS
2024-02-27 10:00:00,16000,16100,15900,16100,36400,CMS
2024-02-27 10:00:00,20000,20000,20000,20000,100,CNT
2024-02-27 10:00:00,15400,15400,15400,15400,200,CC1
2024-02-27 11:00:00,15300,15300,15300,15300,2500,CC1
2024-02-27 10:00:00,41700,41700,41600,41700,800,ICN
2024-02-27 09:00:00,7210,7340,7150,7150,17800,CRC
2024-02-27 10:00:00,7190,7200,7130,7200,15200,CRC
2024-02-27 09:00:00,28100,28500,28100,28500,4400,CSC
2024-02-27 10:00:00,28300,28300,28100,28200,12500,CSC
2024-02-27 09:00:00,66200,66200,65500,66100,297300,CTD
2024-02-27 10:00:00,66100,66900,65700,66800,430800,CTD
2024-02-27 09:00:00,16000,16050,15900,16050,40400,CTI
2024-02-27 10:00:00,16050,16100,16000,16100,89700,CTI
2024-02-27 09:00:00,102100,104000,102100,103700,81300,CTR
2024-02-27 10:00:00,103700,103800,101900,102100,47600,CTR
2024-02-27 10:00:00,29500,31250,29100,31250,11500,CVT
2024-02-27 09:00:00,40000,40300,39900,40000,66900,DPG
2024-02-27 10:00:00,40000,40600,40000,40300,106100,DPG
2024-02-27 09:00:00,11100,11250,11100,11200,25600,DC4
2024-02-27 10:00:00,11150,11150,10950,10950,30000,DC4
2024-02-27 09:00:00,40000,40000,40000,40000,100,DCF
2024-02-27 10:00:00,40000,40000,40000,40000,100,DCF
2024-02-27 11:00:00,44200,44200,44200,44200,300,DCF
2024-02-27 10:00:00,8000,8000,8000,8000,100,DFF
2024-02-27 11:00:00,8700,8700,8700,8700,5000,DFF
2024-02-27 09:00:00,5500,5500,5400,5400,12900,DGT
2024-02-27 10:00:00,5300,5400,5300,5400,50300,DGT
2024-02-27 09:00:00,50000,51000,49900,51000,38100,DHA
2024-02-27 10:00:00,50700,50700,50400,50600,3900,DHA
2024-02-27 09:00:00,23900,23900,23900,23900,1000,DIH
2024-02-27 09:00:00,12900,13000,12900,13000,4100,BDT
2024-02-27 10:00:00,13000,13100,13000,13000,3100,BDT
2024-02-27 09:00:00,4100,4100,4100,4100,100,DTC
2024-02-27 10:00:00,4100,4100,4100,4100,300,DTC
2024-02-27 09:00:00,3400,3400,3300,3300,14300,DVG
2024-02-27 09:00:00,3700,3860,3700,3700,14000,DXV
2024-02-27 10:00:00,3720,3720,3700,3700,3800,DXV
2024-02-27 09:00:00,5320,5320,5230,5230,484000,EVG
2024-02-27 10:00:00,5240,5280,5230,5250,792700,EVG
2024-02-27 09:00:00,4500,4520,4500,4520,8600,FCM
2024-02-27 10:00:00,4520,4520,4500,4500,16700,FCM
2024-02-27 09:00:00,14200,14350,14100,14300,401200,FCN
2024-02-27 10:00:00,14300,14350,14100,14100,313600,FCN
2024-02-27 09:00:00,18500,18500,18500,18500,2500,GMX
2024-02-27 10:00:00,18700,18700,18700,18700,500,GMX
2024-02-27 09:00:00,4800,4800,4800,4800,10000,H11
2024-02-27 10:00:00,24800,24800,24800,24800,1200,HC3
2024-02-27 09:00:00,3010,3040,3010,3040,1300,HID
2024-02-27 10:00:00,3040,3040,3010,3030,2700,HID
2024-02-27 09:00:00,15450,15600,15400,15550,1165000,HHV
2024-02-27 10:00:00,15550,15600,15450,15550,1446100,HHV
2024-02-27 09:00:00,8520,8640,8520,8610,489700,HBC
2024-02-27 10:00:00,8610,8660,8590,8640,436900,HBC
2024-02-27 09:00:00,4700,4700,4700,4700,700,HDA
2024-02-27 10:00:00,4700,4700,4600,4600,1200,HDA
2024-02-27 09:00:00,40000,40500,40000,40500,5100,HMS
2024-02-27 10:00:00,40400,40800,40100,40800,6100,HMS
2024-02-27 09:00:00,4700,4700,4700,4700,4100,HOM
2024-02-27 09:00:00,69000,69000,69000,69000,5000,HPP
2024-02-27 09:00:00,13100,13150,13100,13150,19700,HT1
2024-02-27 10:00:00,13150,13200,13050,13100,167700,HT1
2024-02-27 09:00:00,16800,16800,16800,16800,5200,HTI
2024-02-27 10:00:00,6300,6300,6300,6300,5000,HU1
2024-02-27 09:00:00,4000,4000,4000,4000,400,HU3
2024-02-27 10:00:00,4000,4000,4000,4000,200,HU3
2024-02-27 09:00:00,11600,11600,11400,11400,2400,HU4
2024-02-27 10:00:00,11700,11800,11700,11800,6000,HU4
2024-02-27 09:00:00,18000,18700,18000,18600,526600,HUT
2024-02-27 10:00:00,18700,18700,18600,18600,485900,HUT
2024-02-27 09:00:00,5220,5250,5220,5250,37700,HVH
2024-02-27 10:00:00,5240,5260,5240,5260,22600,HVH
2024-02-27 09:00:00,2970,2990,2970,2980,700,HVX
2024-02-27 10:00:00,2950,2950,2940,2940,9000,HVX
2024-02-27 09:00:00,8000,8000,8000,8000,700,ICG
2024-02-27 10:00:00,7900,7900,7800,7800,1300,ICG
2024-02-27 09:00:00,19000,19000,19000,19000,5800,KDM
2024-02-27 10:00:00,19000,19400,19000,19400,6900,KDM
2024-02-27 11:00:00,19200,19200,19200,19200,3000,KDM
2024-02-27 09:00:00,30800,30800,30100,30600,275600,GKM
2024-02-27 10:00:00,30500,30800,29600,30800,3100,GKM
2024-02-27 09:00:00,4650,4660,4600,4640,162900,KPF
2024-02-27 10:00:00,4640,4660,4620,4620,71700,KPF
2024-02-27 09:00:00,4000,4300,4000,4300,1800,KTT
2024-02-27 10:00:00,4300,4300,4300,4300,1000,KTT
2024-02-27 09:00:00,41600,41600,41400,41500,24400,L14
2024-02-27 10:00:00,41500,42000,41500,41800,43200,L14
2024-02-27 09:00:00,41200,41700,41200,41700,9200,L18
2024-02-27 10:00:00,41700,42700,41700,41800,23400,L18
2024-02-27 09:00:00,3100,3100,3100,3100,31900,L45
2024-02-27 10:00:00,3100,3100,3100,3100,2900,L45
2024-02-27 09:00:00,43900,43900,43650,43650,13100,LBM
2024-02-27 10:00:00,43650,43800,43650,43800,3300,LBM
2024-02-27 11:00:00,43700,43700,43700,43700,2000,LBM
2024-02-27 09:00:00,13050,13250,12900,13150,2348100,LCG
2024-02-27 10:00:00,13150,13200,13050,13100,1719400,LCG
2024-02-27 09:00:00,50200,50200,50200,50200,600,LHC
2024-02-27 10:00:00,50200,50200,50200,50200,700,LHC
2024-02-27 09:00:00,15500,15500,15200,15200,1200,LIC
2024-02-27 10:00:00,15600,17200,15600,17200,11400,LIC
2024-02-27 11:00:00,16500,16500,16500,16500,100,LIC
2024-02-27 09:00:00,4400,4400,4400,4400,100,L12
2024-02-27 10:00:00,6100,6100,6100,6100,100,LG9
2024-02-27 09:00:00,4200,4300,4200,4300,13400,LIG
2024-02-27 10:00:00,4300,4300,4200,4300,23100,LIG
2024-02-27 11:00:00,4300,4300,4300,4300,3800,LIG
2024-02-27 09:00:00,50000,50000,50000,50000,100,LAI
2024-02-27 11:00:00,50000,50000,50000,50000,200,LAI
2024-02-27 09:00:00,14000,14000,14000,14000,100,LM8
2024-02-27 09:00:00,2700,2700,2500,2700,43300,MCG
2024-02-27 10:00:00,2700,2700,2600,2600,77400,MCG
2024-02-27 09:00:00,20000,20000,19100,19500,45600,MCO
2024-02-27 10:00:00,19500,20000,19500,20000,195200,MCO
2024-02-27 09:00:00,6900,6900,6800,6900,183700,MST
2024-02-27 10:00:00,7000,7000,6900,7000,369300,MST
2024-02-27 09:00:00,16050,16050,16050,16050,800,NAV
2024-02-27 10:00:00,16050,16050,16050,16050,100,NAV
2024-02-27 11:00:00,16450,16450,16450,16450,100,NAV
2024-02-27 09:00:00,6400,6400,6400,6400,2500,NDX
2024-02-27 10:00:00,6400,6500,6400,6500,6700,NDX
2024-02-27 11:00:00,6600,6600,6600,6600,100,NDX
2024-02-27 09:00:00,5200,5300,5200,5300,5800,NED
2024-02-27 10:00:00,5200,5300,5200,5200,18600,NED
2024-02-27 09:00:00,17250,17250,16950,16950,31600,NHA
2024-02-27 10:00:00,17050,17250,17050,17150,33800,NHA
2024-02-27 09:00:00,31300,31300,31300,31300,100,NHC
2024-02-27 09:00:00,46500,47200,46500,47100,61500,NTP
2024-02-27 10:00:00,47100,47300,47100,47200,28600,NTP
2024-02-27 09:00:00,14200,14500,14000,14200,4200,NXT
2024-02-27 09:00:00,27600,28200,27550,27900,1662900,PC1
2024-02-27 10:00:00,27900,28000,27500,27500,2502800,PC1
2024-02-27 09:00:00,8900,8900,8900,8900,2300,PDB
2024-02-27 10:00:00,8800,8800,8700,8800,8500,PDB
2024-02-27 11:00:00,8800,8800,8800,8800,100,PDB
2024-02-27 09:00:00,2800,2900,2700,2900,111000,PFL
2024-02-27 10:00:00,2900,2900,2800,2800,126900,PFL
2024-02-27 09:00:00,7490,7500,7400,7400,33000,PHC
2024-02-27 10:00:00,7400,7440,7390,7400,23900,PHC
2024-02-27 09:00:00,6170,6170,6150,6150,6100,PTC
2024-02-27 10:00:00,6000,6000,5990,5990,2700,PTC
2024-02-27 11:00:00,5990,5990,5990,5990,4000,PTC
2024-02-27 09:00:00,6800,6800,6800,6800,100,PTD
2024-02-27 09:00:00,28300,28300,27900,28100,205000,DTD
2024-02-27 10:00:00,28100,28200,28000,28100,153200,DTD
2024-02-27 09:00:00,3000,3100,2900,3000,32900,PXI
2024-02-27 10:00:00,3000,3000,2900,2900,10700,PXI
2024-02-27 09:00:00,4200,4300,4200,4300,26300,PXS
2024-02-27 10:00:00,4300,4300,4300,4300,71200,PXS
2024-02-27 11:00:00,4300,4300,4300,4300,4200,PXS
2024-02-27 09:00:00,4000,4000,3900,3900,800,PXT
2024-02-27 10:00:00,3900,3900,3800,3900,21700,PXT
2024-02-27 11:00:00,3900,3900,3900,3900,2200,PXT
2024-02-27 09:00:00,7300,7400,7300,7400,700,QNC
2024-02-27 10:00:00,7400,7400,7400,7400,600,QNC
2024-02-27 09:00:00,16100,16100,16100,16100,1300,RCC
2024-02-27 10:00:00,17000,17000,17000,17000,100,RCC
2024-02-27 09:00:00,47000,47000,47000,47000,5700,S55
2024-02-27 09:00:00,10800,11000,10800,11000,56600,S99
2024-02-27 10:00:00,11000,11000,10900,10900,56000,S99
2024-02-27 10:00:00,34500,34500,34500,34500,100,SBM
2024-02-27 09:00:00,3700,3700,3700,3700,100,SCC
2024-02-27 10:00:00,3700,4200,3700,4200,1400,SCC
2024-02-27 09:00:00,65400,65700,65300,65700,10500,SCG
2024-02-27 10:00:00,65700,65800,65500,65800,17400,SCG
2024-02-27 09:00:00,14600,14900,14300,14300,14900,SCI
2024-02-27 10:00:00,14300,14500,14100,14100,13900,SCI
2024-02-27 09:00:00,3900,3900,3900,3900,200,SCJ
2024-02-27 10:00:00,4100,4100,4100,4100,200,SCJ
2024-02-27 09:00:00,27100,27500,27100,27500,2800,SCL
2024-02-27 10:00:00,27100,27100,27100,27100,700,SCL
2024-02-27 11:00:00,26700,26700,26700,26700,2300,SCL
2024-02-27 10:00:00,5500,5800,5500,5800,500,SD3
2024-02-27 09:00:00,2700,2700,2700,2700,300,SD4
2024-02-27 10:00:00,2700,2700,2700,2700,2700,SD4
2024-02-27 09:00:00,8300,8400,8300,8300,4200,SD5
2024-02-27 09:00:00,3600,3700,3600,3700,13200,SD6
2024-02-27 10:00:00,3600,3700,3600,3700,5100,SD6
2024-02-27 10:00:00,8500,8500,8500,8500,3700,SD9
2024-02-27 09:00:00,2100,2100,2100,2100,10600,SDD
2024-02-27 10:00:00,2100,2100,2100,2100,5100,SDD
2024-02-27 11:00:00,2100,2100,2100,2100,500,SDD
2024-02-27 10:00:00,30000,30000,30000,30000,1000,SDN
2024-02-27 09:00:00,20800,21000,20800,21000,12500,SJE
2024-02-27 10:00:00,20800,20800,20800,20800,100,SJE
2024-02-27 09:00:00,33900,33900,33900,33900,200,SNZ
2024-02-27 10:00:00,13000,13000,11900,11900,3100,SJG
2024-02-27 10:00:00,11300,11700,11300,11700,1500,TA9
2024-02-27 10:00:00,3120,3120,3120,3120,100,TCR
2024-02-27 09:00:00,8100,8200,8000,8200,147500,G36
2024-02-27 10:00:00,8200,8200,8200,8200,97800,G36
2024-02-27 09:00:00,41100,41100,41000,41100,8400,THG
2024-02-27 10:00:00,41100,41700,41100,41600,17700,THG
2024-02-27 10:00:00,8600,8600,8600,8600,100,TTL
2024-02-27 09:00:00,42100,42100,41900,41900,600,BAX
2024-02-27 10:00:00,42000,42100,42000,42100,600,BAX
2024-02-27 09:00:00,8750,8790,8350,8550,1703000,TCD
2024-02-27 10:00:00,8530,8560,8490,8520,608900,TCD
2024-02-27 09:00:00,15200,15200,15200,15200,1900,TDF
2024-02-27 09:00:00,17350,18000,17350,17950,30000,HUB
2024-02-27 10:00:00,17900,18100,17800,18000,96400,HUB
2024-02-27 09:00:00,11600,11600,11600,11600,100,TV3
2024-02-27 11:00:00,11800,11800,11800,11800,300,TV3
2024-02-27 09:00:00,4700,4700,4700,4700,200,TXM
2024-02-27 09:00:00,3800,3800,3600,3800,500,UDC
2024-02-27 10:00:00,3800,3800,3800,3800,200,UDC
2024-02-27 11:00:00,3700,3700,3700,3700,600,UDC
2024-02-27 10:00:00,8200,8200,8200,8200,700,VC1
2024-02-27 09:00:00,11300,11700,11300,11500,64900,VC2
2024-02-27 10:00:00,11500,11700,11500,11500,68500,VC2
2024-02-27 10:00:00,14400,14400,14400,14400,100,VC6
2024-02-27 09:00:00,12400,12500,12200,12300,141500,VC7
2024-02-27 10:00:00,12300,12400,12200,12300,138900,VC7
2024-02-27 10:00:00,5000,5100,5000,5100,15600,VC9
2024-02-27 09:00:00,24200,24650,24200,24600,1171100,VCG
2024-02-27 10:00:00,24600,24650,24450,24450,1164900,VCG
2024-02-27 09:00:00,60500,63500,60300,63000,146900,VCS
2024-02-27 10:00:00,63000,63100,62400,62400,85800,VCS
2024-02-27 09:00:00,4400,4400,4400,4400,9700,VE8
2024-02-27 10:00:00,2200,2200,2200,2200,100,VE9
2024-02-27 11:00:00,2200,2200,2200,2200,1000,VE9
2024-02-27 09:00:00,54000,54100,53500,53900,149200,VGC
2024-02-27 10:00:00,53900,54700,53700,54400,409000,VGC
2024-02-27 09:00:00,3500,3500,3500,3500,100,VHH
2024-02-27 09:00:00,12700,12700,12700,12700,1200,VHL
2024-02-27 09:00:00,4900,4900,4900,4900,127000,MBG
2024-02-27 10:00:00,4800,4900,4800,4800,172700,MBG
2024-02-27 11:00:00,4800,4900,4800,4900,2400,MBG
2024-02-27 10:00:00,8400,8400,8400,8400,3600,VMC
2024-02-27 11:00:00,8300,8300,8300,8300,100,VMC
2024-02-27 09:00:00,2900,2900,2900,2900,1800,CGV
2024-02-27 10:00:00,2900,2900,2900,2900,5000,CGV
2024-02-27 09:00:00,6400,6400,6370,6370,19600,VNE
2024-02-27 10:00:00,6370,6380,6330,6330,55100,VNE
2024-02-27 09:00:00,4100,4200,4100,4200,18200,VTV
2024-02-27 09:00:00,26700,26700,26700,26700,1500,CLH
2024-02-27 10:00:00,26700,26700,26700,26700,1900,CLH
2024-02-27 09:00:00,11100,11100,11100,11100,100,VW3
2024-02-27 10:00:00,7300,7400,7300,7400,21400,XMC
2024-02-27 11:00:00,7400,7400,7400,7400,3500,XMC
2024-02-27 09:00:00,7000,7000,7000,7000,300,XMD
2024-02-27 10:00:00,7000,7000,7000,7000,100,XMD
2024-02-27 09:00:00,10400,10500,10400,10500,200,CQT
2024-02-27 10:00:00,10500,10500,10500,10500,400,CQT
2024-02-27 09:00:00,71000,71000,71000,71000,400,CAV
2024-02-27 09:00:00,21750,22200,21700,22200,2393200,GEX
2024-02-27 10:00:00,22150,22250,22000,22050,4174900,GEX
2024-02-27 10:00:00,28000,28000,28000,28000,300,GEE
2024-02-27 11:00:00,28000,28000,28000,28000,300,GEE
2024-02-27 09:00:00,8900,9000,8900,9000,19300,NAG
2024-02-27 10:00:00,9000,9100,9000,9100,7000,NAG
2024-02-27 09:00:00,76000,76000,76000,76000,1000,TBD
2024-02-27 09:00:00,53000,54500,52900,54400,38900,TSB
2024-02-27 10:00:00,54500,57000,54500,56000,30800,TSB
2024-02-27 09:00:00,10000,10000,10000,10000,300,TYA
2024-02-27 10:00:00,10250,10250,10250,10250,100,TYA
2024-02-27 09:00:00,10400,10400,10400,10400,3000,VTB
2024-02-27 09:00:00,81000,84000,81000,81500,130900,ACV
2024-02-27 10:00:00,81500,82200,81500,82200,45700,ACV
2024-02-27 09:00:00,7800,7800,7100,7100,2200,CAG
2024-02-27 10:00:00,7100,7200,7100,7200,4400,CAG
2024-02-27 09:00:00,41850,41850,41850,41850,600,CLL
2024-02-27 10:00:00,41950,41950,41950,41950,200,CLL
2024-02-27 10:00:00,11200,11200,11200,11200,600,CIA
2024-02-27 11:00:00,11200,11200,11200,11200,600,CIA
2024-02-27 09:00:00,19200,19500,19200,19400,500,SGP
2024-02-27 10:00:00,19400,19400,19300,19300,15200,SGP
2024-02-27 09:00:00,4500,4600,4500,4600,11900,DL1
2024-02-27 10:00:00,4600,4600,4600,4600,1200,DL1
2024-02-27 09:00:00,69000,69000,69000,69000,1600,DVP
2024-02-27 10:00:00,69000,69000,69000,69000,1200,DVP
2024-02-27 09:00:00,14300,14400,14300,14400,85600,DXP
2024-02-27 10:00:00,14400,14400,14200,14300,87100,DXP
2024-02-27 09:00:00,75200,75200,73900,74300,511700,GMD
2024-02-27 10:00:00,74300,74300,74000,74200,206000,GMD
2024-02-27 09:00:00,14900,14900,14700,14700,200,GIC
2024-02-27 09:00:00,11950,11950,11900,11900,11900,GSP
2024-02-27 10:00:00,11900,11950,11900,11950,75600,GSP
2024-02-27 09:00:00,43000,43000,42500,42750,430200,HAH
2024-02-27 10:00:00,42750,43000,42650,42700,415100,HAH
2024-02-27 09:00:00,16000,16000,13600,14900,1500,HMH
2024-02-27 10:00:00,15400,15400,15400,15400,100,HMH
2024-02-27 09:00:00,19700,19700,14900,14900,500,CCP
2024-02-27 09:00:00,16500,16500,16500,16500,100,TUG
2024-02-27 09:00:00,9700,9700,9700,9700,100,HTV
2024-02-27 09:00:00,30900,30900,30000,30000,300,ILB
2024-02-27 09:00:00,31100,31100,31100,31100,100,IST
2024-02-27 09:00:00,8930,9280,8930,9140,103100,MHC
2024-02-27 10:00:00,9140,9150,9000,9000,67000,MHC
2024-02-27 09:00:00,24400,24400,24400,24400,200,NAS
2024-02-27 09:00:00,91700,91700,91700,91700,100,NCT
2024-02-27 09:00:00,18000,18000,18000,18000,100,PAP
2024-02-27 09:00:00,7700,7700,7700,7700,200,PCT
2024-02-27 09:00:00,115000,115000,115000,115000,100,PDN
2024-02-27 10:00:00,115200,115200,115200,115200,1100,PDN
2024-02-27 09:00:00,11100,11100,11100,11100,700,PDV
2024-02-27 10:00:00,11000,11000,11000,11000,200,PDV
2024-02-27 11:00:00,11100,11100,11100,11100,1300,PDV
2024-02-27 09:00:00,21900,21900,21900,21900,100,PHP
2024-02-27 11:00:00,22400,22400,22400,22400,100,PHP
2024-02-27 10:00:00,7500,7500,7500,7500,900,PSP
2024-02-27 09:00:00,8500,8500,8500,8500,100,PTS
2024-02-27 10:00:00,8400,8400,8400,8400,400,PTS
2024-02-27 11:00:00,8400,8400,8400,8400,400,PTS
2024-02-27 09:00:00,26400,26500,26300,26450,447600,PVT
2024-02-27 10:00:00,26450,26600,26400,26500,550900,PVT
2024-02-27 09:00:00,13900,13900,13800,13800,12100,PVP
2024-02-27 10:00:00,13800,13850,13700,13700,151400,PVP
2024-02-27 10:00:00,23500,23500,23500,23500,300,QSP
2024-02-27 09:00:00,4600,5000,4600,5000,1300,DS3
2024-02-27 10:00:00,4900,4900,4900,4900,1000,DS3
2024-02-27 09:00:00,71500,72000,71500,71900,11600,SGN
2024-02-27 10:00:00,71600,71800,71500,71800,11300,SGN
2024-02-27 09:00:00,33000,33000,33000,33000,300,SFI
2024-02-27 10:00:00,47900,47900,47900,47900,100,STG
2024-02-27 09:00:00,25600,25600,25600,25600,200,SWC
2024-02-27 09:00:00,38250,38500,38250,38500,1100,TCL
2024-02-27 10:00:00,38400,38400,38400,38400,2200,TCL
2024-02-27 09:00:00,9400,9400,9390,9390,600,TCO
2024-02-27 10:00:00,9390,9390,9380,9380,4200,TCO
2024-02-27 09:00:00,50000,50000,50000,50000,100,TMS
2024-02-27 10:00:00,50500,50500,50500,50500,2000,TMS
2024-02-27 09:00:00,18100,18100,18100,18100,300,TOT
2024-02-27 10:00:00,18000,18100,18000,18100,200,TOT
2024-02-27 09:00:00,29000,29000,29000,29000,100,VGP
2024-02-27 09:00:00,11050,11050,11000,11050,63500,VIP
2024-02-27 10:00:00,11050,11100,11050,11050,56600,VIP
2024-02-27 10:00:00,43000,43000,43000,43000,5000,VGR
2024-02-27 11:00:00,43000,43000,43000,43000,700,VGR
2024-02-27 09:00:00,30700,30700,30600,30600,500,VMS
2024-02-27 09:00:00,20000,20000,19800,19800,300,VNA
2024-02-27 10:00:00,19800,19800,19700,19700,2400,VNA
2024-02-27 09:00:00,8500,8500,8500,8500,1000,VNF
2024-02-27 10:00:00,8100,8100,8100,8100,6000,VNF
2024-02-27 11:00:00,8200,8200,8200,8200,100,VNF
2024-02-27 09:00:00,14400,14500,14400,14500,900,VNL
2024-02-27 09:00:00,5500,5700,5500,5700,8700,VLG
2024-02-27 10:00:00,5700,5700,5600,5600,5200,VLG
2024-02-27 09:00:00,12300,12300,12050,12100,281000,VOS
2024-02-27 10:00:00,12100,12100,12000,12100,249500,VOS
2024-02-27 09:00:00,3100,3100,3100,3100,400,VPA
2024-02-27 09:00:00,22700,22800,22500,22800,497500,VSC
2024-02-27 10:00:00,22800,22800,22550,22600,668900,VSC
2024-02-27 09:00:00,10400,10400,10200,10200,13300,VTO
2024-02-27 10:00:00,10250,10300,10250,10300,33500,VTO
2024-02-27 09:00:00,75000,76500,75000,75900,246700,VTP
2024-02-27 10:00:00,75900,76000,75500,75600,98900,VTP
2024-02-27 09:00:00,180000,180000,180000,180000,100,WCS
2024-02-27 09:00:00,22500,22600,22500,22600,1300,CAR
2024-02-27 09:00:00,7000,7000,6700,6800,500,LPT
2024-02-27 11:00:00,12800,12800,12800,12800,200,ABR
2024-02-27 09:00:00,15900,15900,15800,15800,32900,IPA
2024-02-27 10:00:00,15900,16200,15900,16100,38500,IPA
2024-02-27 09:00:00,10600,10600,10400,10400,11000,AMS
2024-02-27 10:00:00,10300,10500,10300,10500,400,AMS
2024-02-27 10:00:00,7000,7000,7000,7000,600,NAU
2024-02-27 09:00:00,8700,8700,8500,8500,300,NUE
2024-02-27 10:00:00,8600,8600,8600,8600,100,NUE
2024-02-27 09:00:00,10400,10400,10400,10400,100,PPS
2024-02-27 10:00:00,10300,10300,10300,10300,1400,PPS
2024-02-27 09:00:00,13600,13600,13600,13600,500,PVM
2024-02-27 10:00:00,13500,13500,13400,13400,6400,PVM
2024-02-27 10:00:00,17200,17200,17200,17200,100,MQN
2024-02-27 09:00:00,6600,6600,6500,6500,1500,SDA
2024-02-27 10:00:00,6500,6500,6400,6500,6900,SDA
2024-02-27 11:00:00,6500,6500,6500,6500,1000,SDA
2024-02-27 09:00:00,33000,33000,33000,33000,20000,SDV
2024-02-27 09:00:00,13700,13700,13700,13700,100,SZE
2024-02-27 10:00:00,12900,12900,12900,12900,600,SZE
2024-02-27 11:00:00,12000,12000,12000,12000,200,SZE
2024-02-27 09:00:00,39450,40000,39450,39500,33900,TV2
2024-02-27 10:00:00,39500,39600,39400,39500,71400,TV2
2024-02-27 09:00:00,13300,13300,13200,13300,8000,TV4
2024-02-27 10:00:00,13200,13200,13200,13200,4100,TV4
2024-02-27 11:00:00,13200,13200,13200,13200,900,TV4
2024-02-27 09:00:00,41800,42800,41800,42800,6900,VTK
2024-02-27 09:00:00,8490,8500,8460,8460,149100,APH
2024-02-27 10:00:00,8450,8470,8450,8450,112100,APH
2024-02-27 09:00:00,10000,10000,10000,10000,300,BBS
2024-02-27 09:00:00,9400,9400,9400,9400,100,BPC
2024-02-27 10:00:00,16900,16900,16900,16900,100,HBD
2024-02-27 10:00:00,48000,48000,48000,48000,8000,INN
2024-02-27 09:00:00,14500,14500,14500,14500,500,ILS
2024-02-27 10:00:00,11700,11700,11700,11700,200,ILS
2024-02-27 09:00:00,40500,40500,40500,40500,500,MCP
2024-02-27 09:00:00,8800,8800,8800,8800,1100,STP
2024-02-27 09:00:00,30600,30600,30000,30000,41000,TDP
2024-02-27 11:00:00,19300,19300,19300,19300,1000,VBC
2024-02-27 09:00:00,2700,2800,2700,2700,254700,VHG
2024-02-27 10:00:00,2700,2700,2700,2700,276200,VHG
2024-02-27 09:00:00,10100,10200,9900,9900,46400,NO1
2024-02-27 10:00:00,9900,9900,9870,9900,48100,NO1
2024-02-27 09:00:00,3800,3800,3800,3800,1400,ITS
2024-02-27 11:00:00,3700,3700,3700,3700,17000,ITS
2024-02-27 09:00:00,3000,3000,3000,3000,500,L43
2024-02-27 09:00:00,4200,4200,4200,4200,100,L61
2024-02-27 10:00:00,4000,4000,4000,4000,200,L61
2024-02-27 09:00:00,2900,3000,2900,3000,1000,L62
2024-02-27 09:00:00,2300,2300,2300,2300,100,LM7
2024-02-27 10:00:00,2500,2500,2500,2500,100,LM7
2024-02-27 09:00:00,14600,14600,13500,13500,1200,MAC
2024-02-27 11:00:00,27000,27000,27000,27000,1000,PMS
2024-02-27 09:00:00,58800,58900,58300,58900,113700,REE
2024-02-27 10:00:00,58900,59200,58800,59000,212400,REE
2024-02-27 10:00:00,27100,27100,27100,27100,100,SDK
2024-02-27 11:00:00,27000,27000,27000,27000,100,SDK
2024-02-27 09:00:00,8350,8690,8160,8310,21300,SRF
2024-02-27 09:00:00,36000,36700,36000,36400,48100,VEA
2024-02-27 10:00:00,36500,36600,36400,36500,32800,VEA
